Country,State,2020-01-22,2020-01-23,2020-01-24,2020-01-25,2020-01-26,2020-01-27,2020-01-28,2020-01-29,2020-01-30,2020-01-31,2020-02-01,2020-02-02,2020-02-03,2020-02-04,2020-02-05,2020-02-06,2020-02-07,2020-02-08,2020-02-09,2020-02-10,2020-02-11,2020-02-12,2020-02-13,2020-02-14,2020-02-15,2020-02-16,2020-02-17,2020-02-18,2020-02-19,2020-02-20,2020-02-21,2020-02-22,2020-02-23,2020-02-24,2020-02-25,2020-02-26,2020-02-27,2020-02-28,2020-02-29,2020-03-01,2020-03-02,2020-03-03,2020-03-04,2020-03-05,2020-03-06,2020-03-07,2020-03-08,2020-03-09,2020-03-10,2020-03-11,2020-03-12,2020-03-13,2020-03-14,2020-03-15,2020-03-16,2020-03-17,2020-03-18,2020-03-19,2020-03-20,2020-03-21,2020-03-22,2020-03-23,2020-03-24,2020-03-25,2020-03-26,2020-03-27,2020-03-28,2020-03-29,2020-03-30,2020-03-31,2020-04-01,2020-04-02,2020-04-03,2020-04-04,2020-04-05,2020-04-06,2020-04-07,2020-04-08,2020-04-09,2020-04-10,2020-04-11,2020-04-12,2020-04-13,2020-04-14,2020-04-15,2020-04-16,2020-04-17,2020-04-18,2020-04-19,2020-04-20
AD,,0,0,0,0,0,0,0,0,0,0,0,0,0,0,0,0,0,0,0,0,0,0,0,0,0,0,0,0,0,0,0,0,0,0,0,0,0,0,0,0,1,1,1,1,1,1,1,1,1,1,1,1,1,1,2,39,39,53,74,86,109,128,157,179,211,251,289,308,338,335,342,373,376,395,421,433,442,450,456,461,448,468,462,458,454,438,442,433,423,405
AE,,0,0,0,0,0,0,0,4,4,4,4,5,5,5,5,5,5,7,7,8,8,8,8,8,8,9,9,9,9,9,9,13,13,13,13,13,13,19,21,21,21,27,27,29,29,45,45,45,74,73,83,82,81,93,92,90,103,128,123,133,129,170,215,294,287,351,405,496,523,561,693,885,1103,1320,1587,1833,2081,2343,2629,2949,3268,3594,3923,4260,4607,4978,5358,5255,5619,5500
AF,,0,0,0,0,0,0,0,0,0,0,0,0,0,0,0,0,0,0,0,0,0,0,0,0,0,0,0,0,0,0,0,0,0,1,1,1,1,1,1,1,1,1,1,1,1,1,4,4,5,7,7,7,11,16,21,22,22,22,24,24,39,39,72,80,87,102,101,109,157,159,219,250,254,267,312,321,368,382,413,442,464,506,550,585,640,677,728,739,782,764
AG,,0,0,0,0,0,0,0,0,0,0,0,0,0,0,0,0,0,0,0,0,0,0,0,0,0,0,0,0,0,0,0,0,0,0,0,0,0,0,0,0,0,0,0,0,0,0,0,0,0,0,0,1,1,1,1,1,1,1,1,1,1,3,3,3,7,7,7,7,7,7,7,9,15,15,15,15,18,17,17,17,19,19,21,21,21,20,20,20,20,20
AL,,0,0,0,0,0,0,0,0,0,0,0,0,0,0,0,0,0,0,0,0,0,0,0,0,0,0,0,0,0,0,0,0,0,0,0,0,0,0,0,0,0,0,0,0,0,0,0,2,10,11,22,32,37,41,50,54,57,62,67,72,84,96,113,134,159,167,173,185,192,204,216,229,250,271,293,302,300,310,310,309,317,321,332,329,336,348,358,355,357,345
AM,,0,0,0,0,0,0,0,0,0,0,0,0,0,0,0,0,0,0,0,0,0,0,0,0,0,0,0,0,0,0,0,0,0,0,0,0,0,0,0,1,1,1,1,1,1,1,1,1,1,1,4,8,18,26,52,77,82,112,132,154,186,225,236,249,269,303,376,385,436,478,507,586,648,670,709,705,710,721,742,737,746,771,773,775,793,814,828,846,860,876
AO,,0,0,0,0,0,0,0,0,0,0,0,0,0,0,0,0,0,0,0,0,0,0,0,0,0,0,0,0,0,0,0,0,0,0,0,0,0,0,0,0,0,0,0,0,0,0,0,0,0,0,0,0,0,0,0,0,0,0,1,2,2,3,3,3,4,4,5,5,5,5,6,6,6,8,12,14,15,17,17,17,17,17,17,17,17,17,17,22,22,22
AR,,0,0,0,0,0,0,0,0,0,0,0,0,0,0,0,0,0,0,0,0,0,0,0,0,0,0,0,0,0,0,0,0,0,0,0,0,0,0,0,0,0,1,1,1,2,8,11,11,16,18,18,29,32,42,52,63,73,88,117,143,248,279,358,350,457,532,619,663,723,940,924,978,1088,1249,1225,1299,1337,1387,1425,1559,1520,1639,1654,1671,1778,1849,1884,1909,1926,1963
AT,,0,0,0,0,0,0,0,0,0,0,0,0,0,0,0,0,0,0,0,0,0,0,0,0,0,0,0,0,0,0,0,0,0,0,2,2,3,3,9,14,18,20,27,37,49,70,91,113,158,215,261,452,590,779,916,1207,1493,1826,2164,2545,3255,4085,4821,5049,6266,6909,7405,7783,8456,8849,9198,9424,9613,9639,9661,9644,9699,9691,9674,9649,9555,9340,9064,8868,8594,8334,8042,7711,7382,6983
AU,AU-ACT,0,0,0,0,0,0,0,0,0,0,0,0,0,0,0,0,0,0,0,0,0,0,0,0,0,0,0,0,0,0,0,0,0,0,0,0,0,0,0,0,0,0,0,0,0,0,0,0,0,0,0,1,1,1,2,2,3,4,6,9,19,32,39,39,53,62,71,77,77,78,81,83,86,86,88,87,86,87,86,87,85,83,80,79,76,73,70,67,64,61
AU,AU-NSW,0,0,0,0,3,4,4,4,4,4,4,4,4,4,4,4,4,4,4,4,4,4,4,4,4,4,4,4,4,4,4,4,4,4,4,4,4,4,4,6,6,13,21,21,25,27,36,46,52,61,60,85,103,122,156,189,241,276,315,391,615,605,741,939,1114,1283,1474,1626,1842,1814,1932,2013,2065,2128,2167,2174,2169,2162,2142,2128,2097,2027,1961,1894,1834,1766,1714,1633,1551,1468
AU,AU-NT,0,0,0,0,0,0,0,0,0,0,0,0,0,0,0,0,0,0,0,0,0,0,0,0,0,0,0,0,0,0,0,0,0,0,0,0,0,0,0,0,0,0,1,1,0,0,0,0,1,1,1,1,1,1,1,1,1,1,3,3,5,5,6,6,12,12,15,15,15,17,19,21,22,26,27,28,28,28,28,28,28,28,28,28,28,28,28,28,28,28
AU,AU-QLD,0,0,0,0,0,0,0,1,3,2,3,2,2,3,3,4,5,5,5,5,5,5,5,5,5,5,5,5,5,5,5,5,5,5,5,5,5,5,9,9,9,11,11,13,13,13,15,15,18,20,20,35,45,59,65,74,88,136,174,208,243,299,373,414,457,513,576,598,622,666,693,732,756,768,759,756,750,739,728,718,703,688,667,652,626,601,579,558,530,502
AU,AU-SA,0,0,0,0,0,0,0,0,0,0,1,2,2,2,2,2,2,2,2,2,2,2,2,2,2,2,2,2,2,2,2,2,2,2,2,2,2,2,3,3,3,3,5,5,7,7,7,7,7,9,9,16,19,20,29,29,37,42,49,65,97,130,165,163,226,246,273,282,284,312,337,332,355,360,353,350,341,336,331,329,320,308,297,290,278,266,256,244,232,220
AU,AU-TAS,0,0,0,0,0,0,0,0,0,0,0,0,0,0,0,0,0,0,0,0,0,0,0,0,0,0,0,0,0,0,0,0,0,0,0,0,0,0,0,0,1,1,1,1,1,1,2,2,2,3,3,5,5,6,7,7,10,10,10,16,22,28,28,36,47,47,62,66,66,67,65,67,68,73,74,77,79,85,96,104,113,110,119,136,133,134,141,138,135,132
AU,AU-VIC,0,0,0,0,1,1,1,1,2,3,4,4,4,4,4,4,4,4,4,4,4,4,4,4,4,4,4,4,4,4,4,4,4,4,4,4,4,4,7,7,9,9,10,10,10,11,11,15,18,21,21,36,48,55,68,90,115,113,111,216,339,335,386,435,480,527,630,704,745,829,867,919,950,961,962,962,972,968,958,943,937,910,892,869,843,808,776,757,721,684
AU,AU-WA,0,0,0,0,0,0,0,0,0,0,0,0,0,0,0,0,0,0,0,0,0,0,0,0,0,0,0,0,0,0,0,0,0,0,0,0,0,0,2,1,1,1,1,2,2,2,2,3,5,8,8,13,16,16,27,30,34,50,61,86,115,134,167,165,218,215,259,288,328,332,355,357,351,380,389,387,378,388,392,392,389,377,368,365,352,343,337,323,309,295
AZ,,0,0,0,0,0,0,0,0,0,0,0,0,0,0,0,0,0,0,0,0,0,0,0,0,0,0,0,0,0,0,0,0,0,0,0,0,0,0,0,3,3,3,3,6,6,9,9,9,11,11,11,14,14,22,27,27,27,43,43,51,62,68,82,85,111,152,165,189,249,269,325,360,397,468,521,569,634,728,818,868,919,942,973,1001,1035,1040,1072,1076,1072,1042
BA,,0,0,0,0,0,0,0,0,0,0,0,0,0,0,0,0,0,0,0,0,0,0,0,0,0,0,0,0,0,0,0,0,0,0,0,0,0,0,0,0,0,0,0,2,2,3,3,3,5,7,11,13,18,24,25,26,38,62,87,89,121,129,155,163,175,217,233,293,329,372,405,469,506,538,556,559,633,659,698,724,751,794,802,826,830,861,880,907,896,868
BB,,0,0,0,0,0,0,0,0,0,0,0,0,0,0,0,0,0,0,0,0,0,0,0,0,0,0,0,0,0,0,0,0,0,0,0,0,0,0,0,0,0,0,0,0,0,0,0,0,0,0,0,0,0,0,0,2,2,5,5,6,14,17,18,18,18,24,26,33,33,34,34,46,51,52,55,58,59,58,60,59,59,61,61,60,59,60,59,58,57,55
BD,,0,0,0,0,0,0,0,0,0,0,0,0,0,0,0,0,0,0,0,0,0,0,0,0,0,0,0,0,0,0,0,0,0,0,0,0,0,0,0,0,0,0,0,0,0,0,3,3,3,3,3,3,3,5,8,10,13,16,19,23,25,30,35,34,39,43,43,42,42,43,44,44,47,51,65,93,125,171,276,357,404,529,695,884,1084,1398,1630,1905,2185,2158
BE,,0,0,0,0,0,0,0,0,0,0,0,0,0,1,1,1,1,1,1,1,1,1,1,1,1,1,1,1,1,1,1,1,1,1,1,1,1,1,1,2,7,11,20,45,102,159,186,220,242,279,270,504,619,799,950,1106,1316,1584,1990,2471,2994,3260,3678,4205,5363,6231,7890,9370,10188,10688,11548,12518,13551,14788,15570,16163,16762,17354,18204,18908,19411,20227,20268,19908,21404,21510,21783,21752,22015,21163
BF,,0,0,0,0,0,0,0,0,0,0,0,0,0,0,0,0,0,0,0,0,0,0,0,0,0,0,0,0,0,0,0,0,0,0,0,0,0,0,0,0,0,0,0,0,0,0,0,0,1,2,2,2,2,3,15,15,19,32,39,62,70,93,107,138,140,164,187,199,220,230,245,247,256,267,287,299,311,330,350,341,370,373,363,380,381,373,369,363,361,347
BG,,0,0,0,0,0,0,0,0,0,0,0,0,0,0,0,0,0,0,0,0,0,0,0,0,0,0,0,0,0,0,0,0,0,0,0,0,0,0,0,0,0,0,0,0,0,0,4,4,4,6,6,22,39,49,50,64,88,88,120,155,177,189,204,225,244,269,299,308,316,350,364,392,408,414,429,435,451,454,466,469,478,476,467,476,492,525,550,563,559,559
BH,,0,0,0,0,0,0,0,0,0,0,0,0,0,0,0,0,0,0,0,0,0,0,0,0,0,0,0,0,0,0,0,0,0,1,23,33,33,36,41,47,49,49,52,54,58,82,81,90,103,186,184,182,194,195,191,201,225,242,244,258,280,316,323,341,372,371,372,385,390,431,421,482,497,499,496,536,573,567,612,629,723,797,999,1141,1259,1262,1274,1278,1356,1324
BI,,0,0,0,0,0,0,0,0,0,0,0,0,0,0,0,0,0,0,0,0,0,0,0,0,0,0,0,0,0,0,0,0,0,0,0,0,0,0,0,0,0,0,0,0,0,0,0,0,0,0,0,0,0,0,0,0,0,0,0,0,0,0,0,0,0,0,0,0,0,2,2,3,3,3,3,3,3,3,3,3,5,5,4,4,4,4,4,4,4,4
BJ,,0,0,0,0,0,0,0,0,0,0,0,0,0,0,0,0,0,0,0,0,0,0,0,0,0,0,0,0,0,0,0,0,0,0,0,0,0,0,0,0,0,0,0,0,0,0,0,0,0,0,0,0,0,0,1,1,2,2,2,2,2,5,6,6,6,6,6,6,6,9,13,13,16,16,22,25,25,25,25,34,34,34,34,34,34,34,34,34,34,34
BN,,0,0,0,0,0,0,0,0,0,0,0,0,0,0,0,0,0,0,0,0,0,0,0,0,0,0,0,0,0,0,0,0,0,0,0,0,0,0,0,0,0,0,0,0,0,0,0,1,1,11,11,37,40,50,54,56,68,75,78,82,86,88,100,104,108,107,109,113,112,112,112,111,109,107,104,101,98,95,92,90,87,84,81,78,75,72,69,67,65,62
BO,,0,0,0,0,0,0,0,0,0,0,0,0,0,0,0,0,0,0,0,0,0,0,0,0,0,0,0,0,0,0,0,0,0,0,0,0,0,0,0,0,0,0,0,0,0,0,0,0,0,2,2,3,10,10,11,11,12,12,15,19,24,27,29,32,43,61,73,78,90,97,103,109,115,119,135,157,162,174,221,220,222,238,260,277,314,350,364,384,401,435
BR,,0,0,0,0,0,0,0,0,0,0,0,0,0,0,0,0,0,0,0,0,0,0,0,0,0,0,0,0,0,0,0,0,0,0,0,1,1,1,2,2,2,2,4,4,13,13,19,23,27,32,43,139,135,140,171,282,320,553,704,909,1401,1743,2022,2278,2646,3010,3417,3673,3891,4892,5863,6863,7699,8757,9306,10057,11583,13335,14848,15979,16662,17655,18380,19564,21935,23330,25807,27966,29207,28518
BS,,0,0,0,0,0,0,0,0,0,0,0,0,0,0,0,0,0,0,0,0,0,0,0,0,0,0,0,0,0,0,0,0,0,0,0,0,0,0,0,0,0,0,0,0,0,0,0,0,0,0,0,0,0,0,1,1,1,3,3,4,4,4,5,5,9,10,10,11,14,14,20,23,23,24,24,24,27,33,33,34,38,38,39,41,40,43,42,42,41,45
BT,,0,0,0,0,0,0,0,0,0,0,0,0,0,0,0,0,0,0,0,0,0,0,0,0,0,0,0,0,0,0,0,0,0,0,0,0,0,0,0,0,0,0,0,0,1,1,1,1,1,1,1,1,1,1,1,1,1,1,2,2,2,2,2,2,2,3,3,4,4,4,4,5,5,5,5,5,5,5,5,5,5,5,5,5,5,5,5,5,5,5
BW,,0,0,0,0,0,0,0,0,0,0,0,0,0,0,0,0,0,0,0,0,0,0,0,0,0,0,0,0,0,0,0,0,0,0,0,0,0,0,0,0,0,0,0,0,0,0,0,0,0,0,0,0,0,0,0,0,0,0,0,0,0,0,0,0,0,0,0,0,3,3,3,3,3,3,5,5,5,5,12,12,12,12,12,12,12,14,14,14,19,19
BY,,0,0,0,0,0,0,0,0,0,0,0,0,0,0,0,0,0,0,0,0,0,0,0,0,0,0,0,0,0,0,0,0,0,0,0,0,0,1,1,1,1,1,6,6,6,6,6,6,9,9,12,27,27,27,36,36,51,51,69,75,74,78,77,80,78,84,81,77,131,125,129,261,300,378,485,605,751,938,1334,1802,2016,2334,2637,2955,3355,3777,4295,4231,4161,4087
BZ,,0,0,0,0,0,0,0,0,0,0,0,0,0,0,0,0,0,0,0,0,0,0,0,0,0,0,0,0,0,0,0,0,0,0,0,0,0,0,0,0,0,0,0,0,0,0,0,0,0,0,0,0,0,0,0,0,0,0,0,0,0,1,1,2,2,2,2,2,3,3,3,3,4,4,5,6,6,7,8,8,11,12,16,16,16,16,16,16,16,16
CA,CA-AB,0,0,0,0,1,1,2,2,2,4,4,4,4,4,5,5,7,7,7,7,7,7,7,7,7,7,8,8,8,8,9,9,9,10,11,11,13,14,20,24,27,30,33,36,47,51,59,69,68,94,99,170,168,214,364,414,575,699,817,1118,1277,1855,2513,2919,3642,4197,5004,5612,6608,7594,8480,10016,10951,11253,13766,14243,15239,16170,17250,18232,18989,19473,20315,21039,21557,23319,24602,25437,25851,25461
CD,,0,0,0,0,0,0,0,0,0,0,0,0,0,0,0,0,0,0,0,0,0,0,0,0,0,0,0,0,0,0,0,0,0,0,0,0,0,0,0,0,0,0,0,0,0,0,0,0,0,1,1,2,2,2,2,3,4,14,18,22,29,35,43,46,48,48,59,58,71,87,96,116,115,128,126,131,148,145,142,172,176,183,180,181,188,195,208,220,234,228
CF,,0,0,0,0,0,0,0,0,0,0,0,0,0,0,0,0,0,0,0,0,0,0,0,0,0,0,0,0,0,0,0,0,0,0,0,0,0,0,0,0,0,0,0,0,0,0,0,0,0,0,0,0,0,1,1,1,1,1,3,3,3,3,3,3,3,3,3,3,3,3,3,3,8,8,8,8,8,8,8,8,8,8,11,11,12,12,12,12,12,12
CG,,0,0,0,0,0,0,0,0,0,0,0,0,0,0,0,0,0,0,0,0,0,0,0,0,0,0,0,0,0,0,0,0,0,0,0,0,0,0,0,0,0,0,0,0,0,0,0,0,0,0,0,0,0,1,1,1,1,3,3,3,3,4,4,4,4,4,4,19,19,19,19,20,20,20,40,40,40,40,55,55,54,53,52,51,107,106,130,128,126,124
CH,,0,0,0,0,0,0,0,0,0,0,0,0,0,0,0,0,0,0,0,0,0,0,0,0,0,0,0,0,0,0,0,0,0,0,1,1,8,7,16,24,37,49,80,99,194,241,300,326,429,573,554,1011,1201,2008,1969,2410,2683,3654,4787,5963,6742,7930,8884,9730,10445,11341,12254,12747,13533,13869,14678,15363,15733,16175,16311,16379,16451,16908,17102,16998,16945,16584,16204,15775,15451,15130,14743,14331,13937,13228
CI,,0,0,0,0,0,0,0,0,0,0,0,0,0,0,0,0,0,0,0,0,0,0,0,0,0,0,0,0,0,0,0,0,0,0,0,0,0,0,0,0,0,0,0,0,0,0,0,0,0,1,1,1,1,1,1,5,6,9,9,14,14,25,73,80,95,99,98,160,161,170,179,180,201,224,234,291,312,341,394,387,467,498,539,541,530,534,555,652,682,666
CL,,0,0,0,0,0,0,0,0,0,0,0,0,0,0,0,0,0,0,0,0,0,0,0,0,0,0,0,0,0,0,0,0,0,0,0,0,0,0,0,0,0,1,1,4,4,4,8,8,13,22,21,40,56,67,145,187,219,213,402,497,581,682,844,1047,1191,1472,1744,1943,2218,2464,2709,3030,3303,3659,3892,4156,4366,4697,5011,5420,5717,5865,6034,6264,6456,6807,7059,7335,7484,7272
CM,,0,0,0,0,0,0,0,0,0,0,0,0,0,0,0,0,0,0,0,0,0,0,0,0,0,0,0,0,0,0,0,0,0,0,0,0,0,0,0,0,0,0,0,0,1,1,2,2,2,2,2,2,2,2,4,10,10,13,20,27,40,56,65,72,71,85,83,125,123,174,210,278,475,515,604,605,597,659,649,726,714,700,685,695,675,799,779,779,737,713
CN,CN-AH,1,9,15,38,58,67,102,146,192,226,283,322,386,453,497,551,617,676,711,749,766,781,786,793,792,785,776,764,745,722,698,673,646,618,590,561,532,504,475,446,418,390,363,337,311,286,263,241,220,200,182,165,149,135,122,110,99,89,81,74,67,61,56,52,48,45,42,40,38,37,36,35,34,34,34,34,34,34,35,35,35,35,35,35,35,35,35,35,35,35
CN,CN-BJ,14,22,36,41,68,79,89,108,110,134,161,182,201,214,236,254,273,286,292,298,296,300,307,306,300,297,289,286,283,275,266,259,248,237,227,216,214,201,190,181,172,162,156,146,141,136,129,121,114,113,106,100,95,94,99,98,106,112,119,128,142,153,170,169,170,169,169,169,165,164,160,158,156,153,150,147,143,139,134,129,125,120,115,110,106,104,99,95,91,87
CN,CN-CQ,6,9,27,57,74,108,129,143,176,203,236,285,319,344,363,380,389,385,418,428,438,442,442,438,434,429,418,407,398,389,379,365,351,336,320,304,288,272,256,241,226,211,197,183,170,158,146,135,125,115,106,98,90,83,77,71,66,61,57,53,51,49,47,45,43,42,41,41,40,39,39,39,39,39,39,39,39,39,39,39,39,39,39,39,39,39,39,39,39,39
CN,CN-FJ,1,5,10,18,35,59,80,84,100,118,141,155,173,186,195,203,209,221,229,236,238,238,240,237,235,231,227,222,216,208,200,192,184,176,169,161,155,147,139,131,123,116,109,102,96,90,84,79,74,69,65,61,58,55,52,49,47,45,46,48,57,56,60,63,68,70,75,75,76,78,79,78,81,81,80,79,79,78,77,76,75,75,74,74,73,72,72,72,71,70
CN,CN-GD,25,30,50,74,105,143,196,263,336,413,506,596,681,760,832,896,946,993,1013,1023,1022,1043,1041,1036,1042,1036,1010,984,953,919,884,853,817,781,743,704,665,627,589,551,515,479,444,411,379,348,319,290,265,244,221,200,181,167,152,140,133,129,135,130,134,128,134,133,142,145,151,155,160,166,169,171,174,172,176,180,177,176,175,176,175,174,172,176,173,173,174,171,167,163
CN,CN-GS,0,2,2,4,7,14,19,24,26,29,40,51,55,57,62,62,67,77,79,78,80,80,82,81,80,78,77,75,73,71,69,67,65,63,61,59,57,55,53,51,49,47,45,54,69,68,70,68,67,68,67,66,67,70,69,68,67,67,66,65,66,65,64,63,62,61,60,61,60,59,58,57,56,55,54,54,53,52,51,50,49,48,48,48,48,48,48,48,48,48
CN,CN-GX,2,5,23,23,36,46,51,58,78,86,98,108,123,134,143,159,161,170,178,190,192,196,191,191,196,193,189,188,184,179,174,171,165,161,155,148,141,134,127,121,115,109,103,97,91,86,81,76,71,67,63,59,56,53,50,49,47,45,44,42,41,40,39,38,37,37,37,37,37,37,37,37,37,37,37,37,37,37,37,37,37,37,37,37,37,37,37,37,37,37
CN,CN-GZ,1,3,3,4,5,7,9,9,12,29,29,38,46,58,63,70,79,86,95,104,121,126,127,130,131,130,130,127,124,121,118,115,112,108,104,100,96,92,88,84,80,76,72,68,64,61,58,55,52,49,46,44,42,40,38,37,35,34,33,32,31,30,30,30,30,30,30,30,30,30,30,30,30,30,30,30,30,30,30,30,30,30,30,30,30,30,30,30,31,31
CN,CN-HA,5,5,8,30,79,122,160,194,263,333,399,465,532,634,715,793,844,898,934,959,973,984,996,988,990,984,969,948,923,894,863,832,798,762,725,688,651,614,576,538,502,467,433,400,368,337,308,280,254,231,208,187,168,150,134,119,106,94,84,75,68,61,55,50,46,42,39,37,35,33,32,31,30,29,29,29,29,29,29,29,29,29,29,29,29,29,29,29,29,29
CN,CN-HB,410,388,459,621,865,1155,3175,3100,4321,5074,6247,10019,12123,15007,17684,19786,22230,23934,25962,27491,28511,27925,41870,47200,48107,49066,49826,50353,49476,48572,47510,47366,45922,44457,43297,41988,40652,39156,37715,36395,34664,32840,31003,29190,27380,25538,23693,21885,20110,18377,16712,15114,13579,12123,10740,9437,8216,7080,6030,5057,4154,3341,2595,1920,1307,756,264,-177,-568,-912,-1219,-1491,-1728,-1933,-2112,-2266,-2397,-2511,-2610,-2694,-2768,-2829,-2883,-2927,-2964,-2994,-3984,-4005,-4022,-4037
CN,CN-HE,1,0,1,7,12,17,32,47,64,81,94,101,109,121,129,149,162,183,191,200,218,226,235,249,252,256,252,250,244,237,231,224,218,210,202,195,192,185,176,167,158,150,142,134,126,118,111,104,97,91,85,79,74,69,64,60,56,53,50,47,46,44,42,40,39,38,37,36,37,37,39,41,42,42,43,43,43,43,43,43,43,43,43,43,43,44,44,44,44,44
CN,CN-HI,4,5,8,19,22,32,39,42,45,51,61,63,70,77,95,101,110,116,120,125,129,139,137,136,136,133,131,128,129,125,121,117,112,108,104,100,96,92,88,84,80,76,72,67,63,59,56,53,50,47,44,42,40,38,36,35,34,33,32,31,30,30,30,30,30,30,30,30,30,30,30,30,30,30,30,30,30,30,30,30,30,30,30,30,30,30,30,30,30,30
CN,CN-HK,0,2,2,5,8,8,8,10,10,12,13,15,15,16,20,23,24,25,28,37,48,49,52,55,55,55,57,58,57,61,60,60,64,68,72,78,78,78,77,76,78,76,79,77,77,76,79,78,81,85,85,86,89,91,98,102,118,141,185,198,238,272,297,315,352,411,446,518,550,573,614,640,671,675,689,698,703,711,706,703,694,677,660,640,622,598,577,555,531,506
CN,CN-HL,0,2,3,8,14,20,32,37,42,56,76,90,115,148,181,215,263,276,284,303,327,340,351,367,366,379,383,381,377,373,366,355,344,332,320,307,293,280,266,252,238,224,210,198,185,172,160,148,137,127,117,107,98,90,82,75,69,64,60,55,51,47,44,41,39,37,35,33,32,31,30,33,33,34,46,65,84,108,147,174,195,216,270,346,365,381,388,403,404,405
CN,CN-HN,4,9,23,41,66,96,137,213,266,318,371,440,493,559,620,662,714,734,757,785,804,821,826,828,821,802,781,757,733,709,683,657,631,602,572,542,513,483,454,425,396,368,341,315,290,266,244,223,203,185,168,152,138,125,113,102,93,85,78,72,66,61,57,53,50,47,45,43,42,41,40,40,40,40,40,40,40,40,40,40,40,40,40,40,40,40,40,40,40,40
CN,CN-JL,0,1,3,4,4,6,8,9,14,14,17,23,31,42,54,59,64,68,77,78,78,79,79,80,81,81,80,78,77,76,74,72,70,70,68,66,64,62,60,58,56,54,52,50,48,46,44,42,40,39,38,37,36,35,34,33,32,32,32,32,32,32,32,33,34,34,36,37,37,37,37,37,37,37,37,37,37,37,37,37,37,38,39,39,41,41,41,41,43,43
CN,CN-JS,1,5,9,18,33,47,69,97,126,164,196,228,260,294,323,351,381,407,430,447,462,482,500,513,513,514,510,500,488,473,457,441,424,407,389,371,353,335,317,299,281,264,247,230,214,199,184,170,157,145,133,122,112,103,95,87,80,74,69,64,62,58,58,57,57,56,54,56,56,56,55,55,59,59,59,59,59,59,59,59,60,61,61,61,61,61,61,61,61,61
CN,CN-JX,2,7,18,18,35,70,106,104,155,231,274,318,372,452,518,564,618,647,680,699,720,747,761,774,770,764,750,732,711,688,664,639,613,587,560,533,505,478,450,423,396,370,344,319,295,272,250,229,209,191,174,158,143,130,118,107,97,88,80,73,68,63,59,55,52,49,47,46,45,44,43,42,42,42,42,42,42,42,42,42,42,42,42,42,42,42,42,42,42,42
CN,CN-LN,2,3,4,17,21,27,34,39,41,48,64,70,74,80,87,91,95,100,101,101,102,104,103,103,101,101,99,96,93,90,87,84,81,78,75,72,69,66,63,61,58,58,55,53,51,49,47,45,43,41,40,39,38,37,36,35,34,34,34,34,35,35,35,35,36,36,40,42,44,47,48,49,49,49,50,50,52,52,52,52,53,53,53,53,53,53,54,54,54,54
CN,CN-MO,1,2,2,2,5,6,7,7,7,7,7,8,8,10,10,10,10,10,10,10,10,10,10,10,10,10,10,10,10,10,10,10,10,10,10,10,10,10,10,10,10,10,10,10,10,10,10,10,10,10,10,10,10,10,11,12,15,17,17,18,24,24,25,30,31,33,37,37,38,41,41,41,43,43,44,44,44,45,45,45,45,45,45,44,43,42,41,40,39,38
CN,CN-NM,0,0,1,7,7,11,15,16,19,20,23,27,34,35,42,46,50,52,54,58,58,59,59,62,64,65,66,66,67,66,65,64,63,61,59,57,55,53,51,49,47,44,42,41,40,39,38,37,36,35,34,33,32,31,30,29,29,29,29,29,29,29,29,31,43,46,48,49,51,61,65,71,71,71,71,72,75,78,79,80,106,139,139,138,137,139,137,135,133,132
CN,CN-NX,1,1,2,3,4,7,11,12,17,21,26,28,31,34,34,40,43,45,45,49,53,58,63,65,67,66,65,64,64,63,62,61,60,59,58,56,55,53,52,50,49,47,47,46,45,44,43,42,41,40,39,38,37,36,35,34,34,34,34,34,34,34,34,34,34,34,34,34,34,34,34,34,34,34,34,34,34,34,34,34,34,34,34,34,34,34,34,34,34,34
CN,CN-QH,0,0,0,1,1,6,6,6,8,8,9,11,13,15,17,18,18,18,18,18,18,18,18,18,18,18,18,18,18,18,18,18,18,18,18,18,18,18,18,18,18,18,18,18,18,18,18,18,18,18,18,18,18,18,18,18,18,18,18,18,18,18,18,18,18,18,18,18,18,18,18,18,18,18,18,18,18,18,18,18,18,18,18,18,18,18,18,18,18,18
CN,CN-SC,5,8,15,28,44,69,89,105,138,172,200,222,243,268,284,300,319,334,351,364,369,381,388,391,389,388,391,393,387,381,373,361,347,334,322,310,299,289,275,261,247,233,219,207,194,182,170,159,148,138,128,119,111,103,96,90,84,78,74,70,67,63,62,61,58,57,55,55,54,53,54,55,55,56,56,57,58,58,58,58,58,58,58,58,58,58,58,59,59,59
CN,CN-SD,2,6,15,27,46,74,93,127,154,178,198,220,246,259,287,323,357,382,403,418,432,433,436,440,439,433,425,413,400,387,575,560,548,531,514,496,478,460,442,425,406,387,368,349,331,313,295,278,261,247,231,215,200,186,173,161,149,138,128,120,114,106,98,92,87,82,77,72,69,66,63,61,61,59,58,57,57,58,57,56,56,55,54,53,53,53,56,56,56,56
CN,CN-SH,9,16,20,33,39,52,65,94,109,131,164,175,194,208,229,240,257,262,265,266,265,268,266,263,264,259,256,248,239,231,222,213,204,195,187,179,170,161,152,143,134,127,119,112,108,101,94,88,84,79,74,71,74,70,68,68,68,67,73,80,101,99,107,123,139,154,169,174,178,187,190,193,194,194,192,193,191,191,195,193,188,235,240,234,232,232,226,219,219,215
CN,CN-SN,0,3,5,15,22,35,46,56,63,87,100,114,125,138,160,166,175,184,194,196,199,202,202,199,197,196,195,190,186,182,176,170,164,157,150,143,136,129,122,115,109,103,97,91,86,81,76,71,67,63,58,55,52,49,47,45,43,41,41,41,40,39,39,39,42,42,42,42,42,42,44,44,44,45,45,45,45,45,45,45,45,45,45,45,45,45,45,45,45,45
CN,CN-SX,1,1,1,6,9,13,27,27,35,39,47,66,74,81,80,94,101,111,114,113,117,117,115,114,113,112,110,108,105,103,100,97,94,92,89,86,83,80,77,74,71,68,65,62,59,56,54,52,50,48,46,44,43,42,41,40,39,38,38,38,38,39,39,39,40,40,40,41,41,41,42,42,42,42,43,43,43,68,71,73,77,77,78,78,91,99,102,102,102,101
CN,CN-TJ,4,4,8,10,14,23,24,27,31,32,41,48,60,67,68,77,78,84,86,89,98,103,107,106,106,106,105,106,105,103,101,101,98,95,92,89,87,84,81,78,75,72,69,66,63,60,57,54,52,50,48,46,44,42,40,39,38,38,37,36,35,38,41,41,47,51,57,62,70,70,72,72,76,76,76,76,76,76,77,77,76,75,75,75,74,74,76,75,74,73
CN,CN-XJ,0,2,2,3,4,5,10,13,14,17,18,21,24,29,32,36,39,42,45,49,55,59,61,62,66,66,69,69,68,67,66,64,63,62,60,58,56,53,51,49,47,45,43,41,39,37,36,35,34,33,32,31,30,29,28,27,26,26,26,26,26,26,26,26,26,26,26,26,26,26,26,26,26,26,26,26,26,26,26,26,26,26,26,26,26,26,26,26,26,26
CN,CN-XZ,0,0,0,0,0,0,0,0,1,1,1,1,1,1,1,1,1,1,1,1,1,1,1,1,1,1,1,1,1,1,1,1,1,1,1,1,1,1,1,1,1,1,1,1,1,1,1,1,1,1,1,1,1,1,1,1,1,1,1,1,1,1,1,1,1,1,1,1,1,1,1,1,1,1,1,1,1,1,1,1,1,1,1,1,1,1,1,1,1,1
CN,CN-YN,1,2,5,11,16,26,44,55,70,83,93,104,115,119,124,128,132,130,131,137,139,137,136,139,142,141,137,134,129,126,122,118,113,108,103,98,93,89,85,81,77,73,69,65,62,59,56,53,50,48,46,44,42,40,41,40,39,38,37,36,36,36,36,36,38,40,40,40,40,42,42,43,44,44,44,44,44,44,44,44,44,44,44,44,44,44,44,44,44,44
CN,CN-ZJ,9,25,40,58,98,120,162,282,410,515,570,625,680,776,832,880,919,947,958,958,964,957,949,935,916,894,869,840,811,778,772,740,705,670,634,598,563,528,494,460,428,403,373,346,318,292,267,244,223,203,185,168,165,155,142,132,122,114,107,102,98,92,89,86,84,85,86,86,85,85,83,82,82,82,82,82,82,82,82,81,80,79,78,77,77,76,75,74,73,72
CO,,0,0,0,0,0,0,0,0,0,0,0,0,0,0,0,0,0,0,0,0,0,0,0,0,0,0,0,0,0,0,0,0,0,0,0,0,0,0,0,0,0,0,0,0,1,1,1,1,3,9,9,13,22,33,52,62,89,96,120,185,215,256,352,437,450,490,550,630,712,803,946,1023,1104,1214,1266,1322,1489,1726,1844,2043,2216,2227,2250,2308,2372,2425,2556,2486,2739,2662
CR,,0,0,0,0,0,0,0,0,0,0,0,0,0,0,0,0,0,0,0,0,0,0,0,0,0,0,0,0,0,0,0,0,0,0,0,0,0,0,0,0,0,0,0,0,1,1,5,9,9,13,22,23,26,27,35,41,50,67,86,112,128,150,167,189,216,245,274,289,301,313,336,351,364,376,387,391,398,406,432,440,447,452,456,448,441,442,434,425,413,397
CU,,0,0,0,0,0,0,0,0,0,0,0,0,0,0,0,0,0,0,0,0,0,0,0,0,0,0,0,0,0,0,0,0,0,0,0,0,0,0,0,0,0,0,0,0,0,0,0,0,0,0,3,4,4,4,4,5,6,10,15,20,34,39,47,55,63,75,112,131,159,171,194,212,245,260,285,309,347,400,448,489,535,572,615,643,675,706,747,792,821,802
CV,,0,0,0,0,0,0,0,0,0,0,0,0,0,0,0,0,0,0,0,0,0,0,0,0,0,0,0,0,0,0,0,0,0,0,0,0,0,0,0,0,0,0,0,0,0,0,0,0,0,0,0,0,0,0,0,0,0,0,1,3,3,3,2,3,3,4,4,5,5,5,5,5,5,6,6,6,6,6,6,6,7,7,9,10,55,55,55,57,60,60
CY,,0,0,0,0,0,0,0,0,0,0,0,0,0,0,0,0,0,0,0,0,0,0,0,0,0,0,0,0,0,0,0,0,0,0,0,0,0,0,0,0,0,0,0,0,0,0,0,2,3,6,6,14,26,26,33,46,49,67,66,82,91,111,116,122,134,146,160,192,203,230,283,313,347,371,386,398,419,442,469,490,500,504,519,539,545,550,549,544,533,516
CZ,,0,0,0,0,0,0,0,0,0,0,0,0,0,0,0,0,0,0,0,0,0,0,0,0,0,0,0,0,0,0,0,0,0,0,0,0,0,0,0,3,3,5,8,12,18,19,30,29,38,86,87,131,175,234,273,364,424,645,773,922,1031,1129,1264,1497,1738,2061,2376,2518,2651,2901,3039,3324,3482,3785,3813,3951,4043,4227,4364,4406,4374,4398,4327,4221,4175,4237,4192,4079,4048,3918
DE,,0,0,0,0,0,1,4,4,4,5,8,10,12,12,12,12,13,13,14,14,16,16,16,16,16,16,16,16,16,16,16,15,14,13,13,21,38,37,64,109,131,158,212,416,584,689,900,997,1232,1626,1728,3238,4047,5136,6466,8277,11146,13892,18127,20161,22448,26184,29600,33340,39271,45425,51365,54776,58461,62151,66849,72239,76961,80115,82256,83387,85429,88540,90830,92175,92312,92198,91332,89475,89191,88604,88614,86969,85119,81988
DJ,,0,0,0,0,0,0,0,0,0,0,0,0,0,0,0,0,0,0,0,0,0,0,0,0,0,0,0,0,0,0,0,0,0,0,0,0,0,0,0,0,0,0,0,0,0,0,0,0,0,0,0,0,0,0,0,0,1,1,1,1,1,3,3,11,11,12,14,18,18,30,33,40,48,48,56,86,85,128,126,137,170,193,273,333,400,550,684,676,781,771
DK,,0,0,0,0,0,0,0,0,0,0,0,0,0,0,0,0,0,0,0,0,0,0,0,0,0,0,0,0,0,0,0,0,0,0,0,0,1,1,3,4,4,5,8,7,19,17,27,79,247,423,591,771,788,815,854,904,970,1046,1129,1175,1221,1239,1343,1441,1551,1669,1768,1908,2033,2247,2419,2614,2899,3122,3315,3533,3816,4035,4146,4212,4262,4307,4313,4360,4383,4426,4457,4462,4436,4273
DK,Faroe Islands,0,0,0,0,0,0,0,0,0,0,0,0,0,0,0,0,0,0,0,0,0,0,0,0,0,0,0,0,0,0,0,0,0,0,0,0,0,0,0,0,0,0,1,1,1,1,2,2,2,2,2,3,9,11,18,47,58,72,80,92,114,116,119,128,135,137,146,148,155,153,154,155,154,152,148,146,143,139,134,129,124,119,114,109,104,99,94,89,85,80
DK,Greenland,0,0,0,0,0,0,0,0,0,0,0,0,0,0,0,0,0,0,0,0,0,0,0,0,0,0,0,0,0,0,0,0,0,0,0,0,0,0,0,0,0,0,0,0,0,0,0,0,0,0,0,0,0,0,1,1,1,2,2,2,4,4,5,6,6,10,10,10,10,10,10,10,10,11,11,11,11,11,11,11,11,11,11,11,11,11,11,11,11,11
DM,,0,0,0,0,0,0,0,0,0,0,0,0,0,0,0,0,0,0,0,0,0,0,0,0,0,0,0,0,0,0,0,0,0,0,0,0,0,0,0,0,0,0,0,0,0,0,0,0,0,0,0,0,0,0,0,0,0,0,0,0,1,2,2,7,11,11,11,11,11,12,12,12,12,14,14,15,15,15,15,16,16,16,16,16,16,16,16,16,16,16
DO,,0,0,0,0,0,0,0,0,0,0,0,0,0,0,0,0,0,0,0,0,0,0,0,0,0,0,0,0,0,0,0,0,0,0,0,0,0,0,0,1,1,1,1,1,2,2,5,5,5,5,5,5,11,11,10,18,17,28,64,102,188,227,287,358,448,524,645,764,791,976,1129,1204,1283,1260,1477,1526,1609,1718,1906,2125,2207,2324,2463,2514,2769,2832,3123,3234,3484,3394
DZ,,0,0,0,0,0,0,0,0,0,0,0,0,0,0,0,0,0,0,0,0,0,0,0,0,0,0,0,0,0,0,0,0,0,0,1,1,1,1,1,1,3,5,12,12,17,17,19,20,20,20,23,24,34,43,48,53,63,72,71,114,171,197,225,257,313,348,383,430,490,603,708,806,957,995,1023,1084,1086,1153,1190,1234,1246,1282,1293,1326,1363,1413,1498,1560,1593,1537
EC,,0,0,0,0,0,0,0,0,0,0,0,0,0,0,0,0,0,0,0,0,0,0,0,0,0,0,0,0,0,0,0,0,0,0,0,0,0,0,0,6,6,7,10,13,13,13,14,15,15,16,15,14,21,19,25,43,92,174,334,464,731,908,987,1062,1268,1437,1629,1693,1698,1925,2375,2718,2847,2860,2969,2988,2910,3476,3868,5937,5904,5975,5887,5808,5896,6090,6130,6490,6732,6536
EE,,0,0,0,0,0,0,0,0,0,0,0,0,0,0,0,0,0,0,0,0,0,0,0,0,0,0,0,0,0,0,0,0,0,0,0,0,1,1,1,1,1,2,2,3,10,10,10,10,12,16,15,77,112,167,199,217,248,254,267,286,301,322,333,360,486,514,574,595,619,635,654,712,797,856,893,879,896,906,903,928,947,922,912,919,910,910,899,917,896,860
EG,,0,0,0,0,0,0,0,0,0,0,0,0,0,0,0,0,0,0,0,0,0,0,0,1,1,1,1,1,1,1,1,1,1,1,1,1,1,1,1,2,2,2,2,3,15,15,48,54,58,58,64,75,103,103,141,183,179,236,260,263,287,316,345,391,419,445,469,487,521,557,605,669,763,823,898,1017,1111,1185,1279,1325,1425,1501,1582,1686,1791,1898,2010,2126,2167,2108
EH,,0,0,0,0,0,0,0,0,0,0,0,0,0,0,0,0,0,0,0,0,0,0,0,0,0,0,0,0,0,0,0,0,0,0,0,0,0,0,0,0,0,0,0,0,0,0,0,0,0,0,0,0,0,0,0,0,0,0,0,0,0,0,0,0,0,0,0,0,0,0,0,0,0,0,4,4,4,4,4,4,4,6,6,6,6,6,6,6,6,6
ER,,0,0,0,0,0,0,0,0,0,0,0,0,0,0,0,0,0,0,0,0,0,0,0,0,0,0,0,0,0,0,0,0,0,0,0,0,0,0,0,0,0,0,0,0,0,0,0,0,0,0,0,0,0,0,0,0,0,0,0,1,1,1,1,4,6,6,6,12,12,15,15,22,22,29,29,31,31,33,33,34,34,34,34,34,35,35,35,39,39,38
ES,,0,0,0,0,0,0,0,0,0,0,1,1,1,1,1,1,1,1,2,2,2,2,2,2,2,2,2,2,2,2,2,2,2,2,5,11,11,25,34,67,95,129,172,191,308,376,507,853,1414,1910,1827,4605,5582,6751,8670,10080,11910,15471,17371,21613,24158,29464,33115,41218,47987,54257,59924,64848,70516,76325,82033,87291,91675,95815,98333,100205,102114,104793,106087,107251,108028,107583,106469,104593,104855,107202,107907,104121,105908,101056
ET,,0,0,0,0,0,0,0,0,0,0,0,0,0,0,0,0,0,0,0,0,0,0,0,0,0,0,0,0,0,0,0,0,0,0,0,0,0,0,0,0,0,0,0,0,0,0,0,0,0,0,0,1,1,1,5,5,6,6,9,9,11,11,12,12,12,16,16,21,23,26,29,29,35,38,41,42,50,53,53,60,63,64,66,73,75,81,84,92,93,91
FI,,0,0,0,0,0,0,0,1,1,1,1,1,1,1,1,1,1,1,1,1,1,1,1,1,1,1,1,1,1,1,1,1,1,1,1,2,2,2,3,6,6,6,6,12,15,15,23,29,38,56,55,149,217,233,263,303,313,372,416,481,576,640,721,795,857,922,1028,1079,1167,1205,1207,1248,1312,1540,1545,1755,1837,1964,2031,2137,2217,2220,2245,2272,2272,2330,2369,2476,2495,2413
FJ,,0,0,0,0,0,0,0,0,0,0,0,0,0,0,0,0,0,0,0,0,0,0,0,0,0,0,0,0,0,0,0,0,0,0,0,0,0,0,0,0,0,0,0,0,0,0,0,0,0,0,0,0,0,0,0,0,0,1,1,1,2,3,4,5,5,5,5,5,5,5,5,7,7,12,12,14,15,15,15,16,16,16,16,16,16,17,17,17,17,18
FR,,0,0,2,3,3,3,4,5,5,5,6,6,6,6,6,6,6,11,11,11,11,11,11,11,11,11,11,11,11,11,11,11,10,9,10,11,29,45,84,109,162,166,236,313,570,844,988,1041,1565,2002,1949,3234,3954,3894,5864,6758,8002,9564,10900,12230,13592,16943,18808,21117,24230,27240,30968,32642,35892,42184,45292,45460,48512,50563,50649,52346,53205,54923,56120,57596,58064,82198,83005,85775,84995,94034,92450,88843,90281,87066
FR,French Guiana,0,0,0,0,0,0,0,0,0,0,0,0,0,0,0,0,0,0,0,0,0,0,0,0,0,0,0,0,0,0,0,0,0,0,0,0,0,0,0,0,0,0,0,0,0,5,5,5,5,5,5,5,5,7,11,11,11,11,15,18,18,20,23,28,28,28,28,28,43,43,51,51,57,60,59,69,68,72,77,76,75,77,76,75,74,72,80,78,76,75
FR,French Polynesia,0,0,0,0,0,0,0,0,0,0,0,0,0,0,0,0,0,0,0,0,0,0,0,0,0,0,0,0,0,0,0,0,0,0,0,0,0,0,0,0,0,0,0,0,0,0,0,0,0,0,0,3,3,3,3,3,3,6,11,15,18,18,25,25,30,30,30,30,36,36,37,37,39,40,41,42,47,50,49,48,47,48,49,48,47,46,45,44,43,42
FR,Guadeloupe,0,0,0,0,0,0,0,0,0,0,0,0,0,0,0,0,0,0,0,0,0,0,0,0,0,0,0,0,0,0,0,0,0,0,0,0,0,0,0,0,0,0,0,0,0,0,0,0,0,0,0,1,1,3,6,18,27,33,45,53,57,61,61,72,71,70,97,98,97,104,112,113,112,114,113,111,112,110,107,106,103,100,97,95,91,87,83,82,78,74
FR,Martinique,0,0,0,0,0,0,0,0,0,0,0,0,0,0,0,0,0,0,0,0,0,0,0,0,0,0,0,0,0,0,0,0,0,0,0,0,0,0,0,0,0,0,0,0,0,2,2,2,2,3,3,3,9,9,14,15,18,22,31,31,43,52,56,65,65,79,90,89,88,120,126,127,130,130,131,131,129,126,123,121,118,115,113,109,104,100,96,92,89,85
FR,Mayotte,0,0,0,0,0,0,0,0,0,0,0,0,0,0,0,0,0,0,0,0,0,0,0,0,0,0,0,0,0,0,0,0,0,0,0,0,0,0,0,0,0,0,0,0,0,0,0,0,0,0,0,0,0,1,1,1,3,3,6,7,11,24,36,36,36,50,63,63,81,91,90,111,121,126,137,135,157,155,165,169,170,167,174,180,176,187,193,197,209,203
FR,New Caledonia,0,0,0,0,0,0,0,0,0,0,0,0,0,0,0,0,0,0,0,0,0,0,0,0,0,0,0,0,0,0,0,0,0,0,0,0,0,0,0,0,0,0,0,0,0,0,0,0,0,0,0,0,0,0,0,0,0,2,2,4,4,8,10,14,14,15,15,15,15,16,16,18,18,17,18,18,18,18,18,18,18,18,18,18,18,18,18,18,18,18
FR,Reunion,0,0,0,0,0,0,0,0,0,0,0,0,0,0,0,0,0,0,0,0,0,0,0,0,0,0,0,0,0,0,0,0,0,0,0,0,0,0,0,0,0,0,0,0,0,0,0,0,0,1,1,5,6,7,9,9,12,14,28,45,64,70,92,108,131,140,176,174,213,233,264,288,297,306,311,311,314,308,305,318,316,309,302,293,283,276,274,268,258,247
FR,Saint Barthelemy,0,0,0,0,0,0,0,0,0,0,0,0,0,0,0,0,0,0,0,0,0,0,0,0,0,0,0,0,0,0,0,0,0,0,0,0,0,0,0,0,0,0,3,3,3,3,3,1,1,1,1,1,1,1,3,3,3,3,3,3,3,3,3,3,3,5,5,5,6,6,6,6,6,6,6,6,6,6,6,6,6,6,6,6,6,6,6,6,6,6
FR,Saint Pierre and Miquelon,0,0,0,0,0,0,0,0,0,0,0,0,0,0,0,0,0,0,0,0,0,0,0,0,0,0,0,0,0,0,0,0,0,0,0,0,0,0,0,0,0,0,0,0,0,0,0,0,0,0,0,0,0,0,0,0,0,0,0,0,0,0,0,0,0,0,0,0,0,0,0,0,0,0,1,1,1,1,1,1,1,1,1,1,1,1,1,1,1,1
FR,St Martin,0,0,0,0,0,0,0,0,0,0,0,0,0,0,0,0,0,0,0,0,0,0,0,0,0,0,0,0,0,0,0,0,0,0,0,0,0,0,0,0,0,0,0,0,0,0,0,2,2,2,2,2,2,2,2,2,3,4,4,4,5,8,8,11,11,11,11,11,14,14,14,21,21,22,30,30,30,30,30,30,30,30,30,30,33,33,33,35,35,35
GA,,0,0,0,0,0,0,0,0,0,0,0,0,0,0,0,0,0,0,0,0,0,0,0,0,0,0,0,0,0,0,0,0,0,0,0,0,0,0,0,0,0,0,0,0,0,0,0,0,0,0,0,0,1,1,1,1,1,1,2,3,4,4,5,5,6,6,6,6,6,15,17,20,20,20,20,23,29,33,43,43,45,48,56,55,77,76,103,102,102,101
GB,,0,0,0,0,0,0,0,0,0,2,2,2,2,2,2,2,3,3,3,8,8,9,9,9,9,9,9,9,9,9,9,9,9,13,13,13,15,19,21,33,36,45,76,102,145,183,242,281,330,389,373,695,1000,970,1303,1667,2275,2210,3390,4281,4794,5585,6782,8024,9846,12325,14351,16276,18373,20610,23927,27099,30297,32686,37254,39821,41785,45361,47747,54266,57289,60432,62529,65351,67415,69264,71980,74452,77413,74994
GB,Anguilla,0,0,0,0,0,0,0,0,0,0,0,0,0,0,0,0,0,0,0,0,0,0,0,0,0,0,0,0,0,0,0,0,0,0,0,0,0,0,0,0,0,0,0,0,0,0,0,0,0,0,0,0,0,0,0,0,0,0,0,0,0,0,0,0,0,0,2,2,2,2,2,3,3,3,3,3,3,3,3,3,3,3,3,3,3,3,3,3,3,3
GB,Bermuda,0,0,0,0,0,0,0,0,0,0,0,0,0,0,0,0,0,0,0,0,0,0,0,0,0,0,0,0,0,0,0,0,0,0,0,0,0,0,0,0,0,0,0,0,0,0,0,0,0,0,0,0,0,0,0,0,0,2,2,2,6,6,6,7,15,17,17,22,27,32,32,35,35,35,37,37,37,36,44,44,43,51,49,48,71,70,71,70,72,71
GB,British Virgin Islands,0,0,0,0,0,0,0,0,0,0,0,0,0,0,0,0,0,0,0,0,0,0,0,0,0,0,0,0,0,0,0,0,0,0,0,0,0,0,0,0,0,0,0,0,0,0,0,0,0,0,0,0,0,0,0,0,0,0,0,0,0,0,0,0,0,0,2,2,2,3,3,3,3,3,3,3,3,3,3,3,3,3,3,3,3,3,4,4,3,4
GB,Cayman Islands,0,0,0,0,0,0,0,0,0,0,0,0,0,0,0,0,0,0,0,0,0,0,0,0,0,0,0,0,0,0,0,0,0,0,0,0,0,0,0,0,0,0,0,0,0,0,0,0,0,0,0,1,1,1,0,0,0,2,2,2,2,4,5,7,7,7,7,7,11,13,21,27,27,34,34,38,44,44,44,44,44,52,52,52,51,56,56,55,54,53
GB,Channel Islands,0,0,0,0,0,0,0,0,0,0,0,0,0,0,0,0,0,0,0,0,0,0,0,0,0,0,0,0,0,0,0,0,0,0,0,0,0,0,0,0,0,0,0,0,0,0,0,0,1,2,2,2,2,3,6,6,6,11,14,32,32,36,36,46,64,85,93,102,134,131,160,179,214,240,283,292,300,310,315,345,348,365,362,354,350,347,349,352,345,334
GB,Falkland Islands,0,0,0,0,0,0,0,0,0,0,0,0,0,0,0,0,0,0,0,0,0,0,0,0,0,0,0,0,0,0,0,0,0,0,0,0,0,0,0,0,0,0,0,0,0,0,0,0,0,0,0,0,0,0,0,0,0,0,0,0,0,0,0,0,0,0,0,0,0,0,0,0,0,1,2,2,2,5,5,5,5,5,5,11,11,11,11,11,11,11
GB,Gibraltar,0,0,0,0,0,0,0,0,0,0,0,0,0,0,0,0,0,0,0,0,0,0,0,0,0,0,0,0,0,0,0,0,0,0,0,0,0,0,0,0,0,0,1,1,1,1,1,1,1,1,1,1,1,1,1,3,8,10,10,10,15,15,15,26,35,55,56,65,69,69,80,86,92,94,98,103,106,111,112,114,114,112,110,107,106,103,101,98,95,92
GB,Isle of Man,0,0,0,0,0,0,0,0,0,0,0,0,0,0,0,0,0,0,0,0,0,0,0,0,0,0,0,0,0,0,0,0,0,0,0,0,0,0,0,0,0,0,0,0,0,0,0,0,0,0,0,0,0,0,0,0,0,0,1,1,5,13,23,23,25,29,32,42,49,60,66,92,110,121,121,132,141,147,177,185,206,205,215,223,219,242,244,243,238,232
GB,Montserrat,0,0,0,0,0,0,0,0,0,0,0,0,0,0,0,0,0,0,0,0,0,0,0,0,0,0,0,0,0,0,0,0,0,0,0,0,0,0,0,0,0,0,0,0,0,0,0,0,0,0,0,0,0,0,0,0,1,1,1,1,1,1,1,1,5,5,5,5,5,5,5,5,6,6,6,6,9,9,9,9,9,9,11,11,11,11,11,11,11,11
GB,Turks and Caicos Islands,0,0,0,0,0,0,0,0,0,0,0,0,0,0,0,0,0,0,0,0,0,0,0,0,0,0,0,0,0,0,0,0,0,0,0,0,0,0,0,0,0,0,0,0,0,0,0,0,0,0,0,0,0,0,0,0,0,0,0,0,0,0,0,0,0,0,4,4,5,5,6,5,5,5,4,7,7,7,7,7,7,8,9,9,9,10,10,10,10,10
GD,,0,0,0,0,0,0,0,0,0,0,0,0,0,0,0,0,0,0,0,0,0,0,0,0,0,0,0,0,0,0,0,0,0,0,0,0,0,0,0,0,0,0,0,0,0,0,0,0,0,0,0,0,0,0,0,0,0,0,0,0,1,1,1,1,7,7,7,9,9,9,9,10,12,12,12,12,12,12,12,14,14,14,14,14,14,14,14,14,14,14
GE,,0,0,0,0,0,0,0,0,0,0,0,0,0,0,0,0,0,0,0,0,0,0,0,0,0,0,0,0,0,0,0,0,0,0,0,1,1,1,1,3,3,3,3,4,4,4,13,15,15,24,24,25,30,33,33,34,38,40,43,49,54,60,68,72,75,78,84,84,94,99,104,119,138,141,149,160,164,176,179,191,195,205,215,238,239,275,291,302,301,294
GH,,0,0,0,0,0,0,0,0,0,0,0,0,0,0,0,0,0,0,0,0,0,0,0,0,0,0,0,0,0,0,0,0,0,0,0,0,0,0,0,0,0,0,0,0,0,0,0,0,0,0,0,0,3,6,6,7,7,11,16,18,22,25,51,89,127,131,133,143,141,148,180,186,184,180,185,180,248,267,326,319,339,489,480,540,529,522,509,687,880,864
GM,,0,0,0,0,0,0,0,0,0,0,0,0,0,0,0,0,0,0,0,0,0,0,0,0,0,0,0,0,0,0,0,0,0,0,0,0,0,0,0,0,0,0,0,0,0,0,0,0,0,0,0,0,0,0,0,1,1,1,1,1,1,1,2,2,2,2,2,3,3,3,3,3,3,3,3,3,3,3,3,3,8,8,8,8,8,8,8,8,9,9
GN,,0,0,0,0,0,0,0,0,0,0,0,0,0,0,0,0,0,0,0,0,0,0,0,0,0,0,0,0,0,0,0,0,0,0,0,0,0,0,0,0,0,0,0,0,0,0,0,0,0,0,0,1,1,1,1,1,1,1,1,2,2,4,4,4,4,8,8,16,22,22,30,52,72,109,118,124,138,156,184,199,234,231,296,335,370,398,429,463,514,506
GQ,,0,0,0,0,0,0,0,0,0,0,0,0,0,0,0,0,0,0,0,0,0,0,0,0,0,0,0,0,0,0,0,0,0,0,0,0,0,0,0,0,0,0,0,0,0,0,0,0,0,0,0,0,0,1,1,1,4,6,6,6,6,9,9,9,12,12,12,12,12,12,15,15,16,16,16,16,16,18,18,18,18,21,21,41,51,51,79,79,78,77
GR,,0,0,0,0,0,0,0,0,0,0,0,0,0,0,0,0,0,0,0,0,0,0,0,0,0,0,0,0,0,0,0,0,0,0,0,1,3,4,4,7,7,7,9,31,45,46,72,71,86,94,92,181,214,313,309,359,385,378,448,468,551,610,644,707,760,816,890,960,990,1063,1138,1237,1267,1291,1315,1294,1332,1343,1369,1377,1401,1382,1364,1337,1307,1267,1227,1182,1124,1068
GT,,0,0,0,0,0,0,0,0,0,0,0,0,0,0,0,0,0,0,0,0,0,0,0,0,0,0,0,0,0,0,0,0,0,0,0,0,0,0,0,0,0,0,0,0,0,0,0,0,0,0,0,0,1,1,1,5,5,8,11,16,18,19,20,23,24,27,33,33,35,37,38,46,48,57,56,63,69,78,85,114,123,137,136,145,155,168,181,199,217,245
GW,,0,0,0,0,0,0,0,0,0,0,0,0,0,0,0,0,0,0,0,0,0,0,0,0,0,0,0,0,0,0,0,0,0,0,0,0,0,0,0,0,0,0,0,0,0,0,0,0,0,0,0,0,0,0,0,0,0,0,0,0,0,0,0,2,2,2,2,2,8,8,9,9,15,18,18,18,33,33,36,36,38,38,38,38,43,43,43,46,49,48
GY,,0,0,0,0,0,0,0,0,0,0,0,0,0,0,0,0,0,0,0,0,0,0,0,0,0,0,0,0,0,0,0,0,0,0,0,0,0,0,0,0,0,0,0,0,0,0,0,0,0,0,0,0,0,3,3,6,6,6,6,6,18,19,4,4,4,4,7,7,7,10,17,15,19,19,20,27,28,31,31,31,39,39,39,41,49,48,55,54,54,53
HN,,0,0,0,0,0,0,0,0,0,0,0,0,0,0,0,0,0,0,0,0,0,0,0,0,0,0,0,0,0,0,0,0,0,0,0,0,0,0,0,0,0,0,0,0,0,0,0,0,0,2,2,2,2,3,6,8,9,12,24,24,26,30,30,36,51,66,92,104,128,128,154,195,195,234,228,254,257,259,284,317,320,313,310,311,310,304,305,305,310,304
HR,,0,0,0,0,0,0,0,0,0,0,0,0,0,0,0,0,0,0,0,0,0,0,0,0,0,0,0,0,0,0,0,0,0,0,1,3,3,5,6,7,7,9,10,10,11,12,12,12,14,19,19,32,37,47,54,61,75,96,117,192,237,294,356,411,456,540,601,647,714,779,862,894,945,970,1003,1021,1056,1091,1127,1185,1193,1224,1237,1248,1245,1253,1233,1205,1192,1147
HT,,0,0,0,0,0,0,0,0,0,0,0,0,0,0,0,0,0,0,0,0,0,0,0,0,0,0,0,0,0,0,0,0,0,0,0,0,0,0,0,0,0,0,0,0,0,0,0,0,0,0,0,0,0,0,0,0,0,0,2,2,2,6,7,8,8,8,8,15,15,15,16,16,18,20,20,23,24,26,28,29,31,30,37,37,38,38,40,41,44,43
HU,,0,0,0,0,0,0,0,0,0,0,0,0,0,0,0,0,0,0,0,0,0,0,0,0,0,0,0,0,0,0,0,0,0,0,0,0,0,0,0,0,0,0,2,2,2,4,7,9,9,13,13,19,30,31,38,49,56,70,79,95,119,152,168,203,235,270,307,365,396,433,454,504,527,565,606,599,648,699,758,937,1028,1091,1104,1118,1144,1179,1244,1265,1294,1314
ID,,0,0,0,0,0,0,0,0,0,0,0,0,0,0,0,0,0,0,0,0,0,0,0,0,0,0,0,0,0,0,0,0,0,0,0,0,0,0,0,0,2,2,2,2,4,4,6,19,27,32,31,62,87,106,121,156,194,268,314,383,430,486,578,668,738,867,944,1043,1143,1219,1320,1390,1541,1600,1733,1895,2080,2225,2463,2592,2831,3109,3318,3453,3647,3901,4179,4378,4540,4416
IE,,0,0,0,0,0,0,0,0,0,0,0,0,0,0,0,0,0,0,0,0,0,0,0,0,0,0,0,0,0,0,0,0,0,0,0,0,0,0,1,1,1,2,6,6,18,18,19,20,32,39,37,82,117,113,149,198,260,516,633,724,831,1032,1216,1427,1647,1917,2164,2316,2559,2817,2959,3285,3616,3851,4132,4389,4591,4813,5156,6506,7159,7705,8486,9083,9904,10362,10788,11271,11455,11170
IL,,0,0,0,0,0,0,0,0,0,0,0,0,0,0,0,0,0,0,0,0,0,0,0,0,0,0,0,0,0,0,1,1,1,1,1,2,3,4,7,10,10,12,15,20,37,43,60,59,72,74,92,115,140,193,192,216,261,373,462,628,780,946,1085,2184,2470,2767,3304,3875,4261,4850,5499,6165,6632,6940,7391,7721,7907,7891,8263,8501,8621,8797,8986,9185,9364,9326,9245,9206,9103,8934
IN,,0,0,0,0,0,0,0,0,1,1,1,2,3,3,3,3,3,3,3,3,3,3,3,3,3,3,3,3,3,3,3,3,3,3,3,3,3,3,3,3,5,5,28,30,31,34,39,43,56,60,70,77,96,105,109,128,139,172,216,297,353,445,472,579,627,771,848,860,1056,1169,1712,2203,2181,2629,3061,4145,4586,5075,5737,6479,7161,7738,8805,9634,10269,11128,11787,12877,14466,14179
IQ,,0,0,0,0,0,0,0,0,0,0,0,0,0,0,0,0,0,0,0,0,0,0,0,0,0,0,0,0,0,0,0,0,0,1,1,5,7,7,13,19,26,32,33,33,37,50,54,54,63,62,60,88,95,99,105,132,138,162,171,173,185,210,251,273,295,360,398,430,499,548,568,597,631,672,734,784,855,911,920,943,956,960,957,950,934,921,935,931,922,886
IR,,0,0,0,0,0,0,0,0,0,0,0,0,0,0,0,0,0,0,0,0,0,0,0,0,0,0,-1,-2,-4,-3,5,10,17,24,46,77,163,282,458,808,1290,2079,2608,3135,4294,5281,5895,6354,7074,7845,8703,9745,10830,11719,12410,13193,13948,14524,15257,15710,16181,16998,18130,19642,21278,23418,25665,27704,29983,32110,34064,35864,37439,38778,39990,40951,41672,42256,42423,42866,43116,43139,43076,42933,42684,42487,42145,41658,41095,39249
IS,,0,0,0,0,0,0,0,0,0,0,0,0,0,0,0,0,0,0,0,0,0,0,0,0,0,0,0,0,0,0,0,0,0,0,0,0,0,1,1,3,6,11,26,34,43,50,50,57,67,82,99,128,148,156,167,203,229,304,379,436,524,536,586,665,718,793,852,893,942,972,1036,1111,1132,1159,1200,1244,1236,1233,1230,1219,1194,1166,1135,1102,1066,1034,1003,963,928,882
IT,,0,0,0,0,0,0,0,0,0,2,2,2,2,2,2,2,3,3,3,3,3,3,3,3,3,2,1,-1,-3,-6,6,42,127,188,266,380,559,765,969,1495,1776,2163,2659,3311,3950,5054,6286,7836,8469,10380,10141,14623,17625,20479,22943,25645,28833,33113,37779,42766,46807,50028,53462,56805,60994,64557,68085,70854,72259,73498,75429,77063,78458,80008,81076,81169,80590,80731,81039,81007,81550,81569,80414,78951,77128,76409,75292,74223,72729,68603
JM,,0,0,0,0,0,0,0,0,0,0,0,0,0,0,0,0,0,0,0,0,0,0,0,0,0,0,0,0,0,0,0,0,0,0,0,0,0,0,0,0,0,0,0,0,0,0,0,0,0,1,2,8,8,10,10,12,13,14,15,15,18,18,20,25,25,25,29,31,35,35,41,44,44,49,53,52,56,54,53,52,53,56,59,58,107,123,121,139,147,168
JO,,0,0,0,0,0,0,0,0,0,0,0,0,0,0,0,0,0,0,0,0,0,0,0,0,0,0,0,0,0,0,0,0,0,0,0,0,0,0,0,0,0,1,1,1,1,1,1,1,1,1,1,1,1,8,17,34,52,69,85,84,110,124,150,166,204,224,232,240,244,246,246,262,268,275,291,287,284,281,286,278,278,277,269,265,259,250,245,240,233,222
JP,,2,2,2,2,4,4,7,7,11,15,20,20,20,22,22,22,25,25,26,26,26,28,27,28,41,56,62,69,78,87,97,112,135,145,154,169,189,200,208,218,231,245,277,300,353,387,420,416,476,519,507,554,610,662,642,663,656,672,687,707,772,773,811,895,943,990,1178,1313,1274,1317,1496,1760,1830,2283,2224,2667,2843,3118,3447,4218,4599,5232,5729,5866,6191,6548,7550,7870,8189,8010
KE,,0,0,0,0,0,0,0,0,0,0,0,0,0,0,0,0,0,0,0,0,0,0,0,0,0,0,0,0,0,0,0,0,0,0,0,0,0,0,0,0,0,0,0,0,0,0,0,0,0,0,0,1,1,3,3,3,3,7,7,7,15,16,25,28,30,30,37,41,49,57,78,104,114,117,132,144,156,161,163,165,164,166,173,177,181,185,192,202,203,197
KG,,0,0,0,0,0,0,0,0,0,0,0,0,0,0,0,0,0,0,0,0,0,0,0,0,0,0,0,0,0,0,0,0,0,0,0,0,0,0,0,0,0,0,0,0,0,0,0,0,0,0,0,0,0,0,0,0,3,3,6,14,14,16,42,44,44,58,58,83,92,104,107,111,122,134,135,198,207,246,252,265,301,334,370,374,386,395,410,418,456,458
KH,,0,0,0,0,0,1,1,1,1,1,1,1,1,1,1,1,1,1,1,1,1,1,1,1,1,1,1,1,1,1,1,1,1,1,1,1,1,1,1,1,1,1,1,1,1,1,2,2,2,3,3,5,7,7,7,33,35,37,51,53,84,87,91,95,94,96,95,98,101,102,100,99,101,99,97,95,93,92,91,88,86,85,82,79,76,73,70,67,64,61
KN,,0,0,0,0,0,0,0,0,0,0,0,0,0,0,0,0,0,0,0,0,0,0,0,0,0,0,0,0,0,0,0,0,0,0,0,0,0,0,0,0,0,0,0,0,0,0,0,0,0,0,0,0,0,0,0,0,0,0,0,0,0,0,0,2,2,2,2,2,7,8,8,9,9,9,10,10,11,11,11,12,12,12,12,14,14,14,14,14,14,15
KR,,1,1,2,2,3,4,4,4,4,11,12,15,15,16,19,23,24,24,25,27,27,26,25,23,21,19,16,12,6,71,161,379,531,744,867,1127,1605,2146,2921,3465,4006,4803,5169,5566,5985,6342,6510,6561,6474,6578,6542,6496,6429,6322,6205,6081,5958,5880,5732,5631,5537,5284,5094,4928,4765,4585,4464,4300,4114,3982,3832,3675,3520,3383,3238,3070,2907,2757,2606,2451,2309,2177,2046,1923,1809,1697,1594,1493,1388,1293
KW,,0,0,0,0,0,0,0,0,0,0,0,0,0,0,0,0,0,0,0,0,0,0,0,0,0,0,0,0,0,0,0,0,0,1,11,26,43,45,45,45,56,56,56,58,58,60,62,61,65,67,74,73,95,101,110,115,125,128,136,150,159,157,155,155,164,176,181,196,201,218,239,257,324,376,443,542,609,709,751,819,964,1027,1073,1106,1134,1229,1335,1399,1532,1500
KZ,,0,0,0,0,0,0,0,0,0,0,0,0,0,0,0,0,0,0,0,0,0,0,0,0,0,0,0,0,0,0,0,0,0,0,0,0,0,0,0,0,0,0,0,0,0,0,0,0,0,0,0,4,6,9,10,33,35,44,46,53,59,60,69,77,104,141,216,269,283,319,350,399,419,480,524,593,617,634,674,689,726,795,914,1032,1071,1153,1271,1312,1343,1391
LA,,0,0,0,0,0,0,0,0,0,0,0,0,0,0,0,0,0,0,0,0,0,0,0,0,0,0,0,0,0,0,0,0,0,0,0,0,0,0,0,0,0,0,0,0,0,0,0,0,0,0,0,0,0,0,0,0,0,0,0,0,0,0,2,3,6,6,8,8,8,9,10,10,10,10,11,12,14,15,16,16,18,19,19,19,19,19,19,19,19,19
LB,,0,0,0,0,0,0,0,0,0,0,0,0,0,0,0,0,0,0,0,0,0,0,0,0,0,0,0,0,0,0,1,1,1,1,1,2,2,2,4,10,13,13,13,16,22,22,32,32,40,58,57,72,87,103,102,110,121,142,146,167,225,240,287,296,326,342,357,374,374,389,388,392,395,397,392,393,388,403,396,408,404,400,387,380,381,370,359,347,332,316
LC,,0,0,0,0,0,0,0,0,0,0,0,0,0,0,0,0,0,0,0,0,0,0,0,0,0,0,0,0,0,0,0,0,0,0,0,0,0,0,0,0,0,0,0,0,0,0,0,0,0,0,0,0,1,2,2,2,2,2,2,2,2,3,3,3,3,3,3,9,9,13,13,13,13,14,14,14,14,14,14,15,15,15,15,15,15,15,15,15,15,15
LI,,0,0,0,0,0,0,0,0,0,0,0,0,0,0,0,0,0,0,0,0,0,0,0,0,0,0,0,0,0,0,0,0,0,0,0,0,0,0,0,0,0,0,1,1,1,1,1,1,1,1,1,1,4,4,4,7,28,28,28,37,37,51,51,51,56,56,56,56,61,66,65,71,70,70,69,68,68,67,65,64,62,60,58,56,54,52,50,48,48,46
LK,,0,0,0,0,0,1,1,1,1,1,1,1,1,1,1,1,1,1,1,1,1,1,1,1,1,1,1,1,1,1,1,1,1,1,1,1,1,1,1,1,1,1,1,1,1,1,1,1,1,2,2,6,10,18,28,44,51,60,73,77,82,96,100,99,102,101,106,108,110,129,129,131,136,139,146,145,147,146,143,139,143,150,152,163,163,158,159,164,176,194
LR,,0,0,0,0,0,0,0,0,0,0,0,0,0,0,0,0,0,0,0,0,0,0,0,0,0,0,0,0,0,0,0,0,0,0,0,0,0,0,0,0,0,0,0,0,0,0,0,0,0,0,0,0,0,0,1,1,2,2,2,3,3,3,3,3,3,3,3,3,3,3,6,6,7,9,10,11,11,27,27,32,43,45,53,53,53,53,68,67,80,79
LT,,0,0,0,0,0,0,0,0,0,0,0,0,0,0,0,0,0,0,0,0,0,0,0,0,0,0,0,0,0,0,0,0,0,0,0,0,0,1,1,1,1,1,1,1,1,1,1,1,1,3,3,6,8,12,17,25,27,35,47,79,138,172,199,259,281,335,365,426,451,489,525,583,620,682,708,725,747,763,788,807,813,818,803,782,777,785,777,838,865,860
LU,,0,0,0,0,0,0,0,0,0,0,0,0,0,0,0,0,0,0,0,0,0,0,0,0,0,0,0,0,0,0,0,0,0,0,0,0,0,0,1,1,1,1,1,1,2,2,3,3,5,6,17,31,45,51,66,125,183,308,451,625,744,810,1022,1242,1344,1471,1672,1763,1772,1930,2030,2159,2241,2312,2332,2312,2378,2377,2385,2420,2385,2314,2241,2173,2150,2131,2072,2036,1953,1858
LV,,0,0,0,0,0,0,0,0,0,0,0,0,0,0,0,0,0,0,0,0,0,0,0,0,0,0,0,0,0,0,0,0,0,0,0,0,0,0,0,0,1,1,1,1,1,1,2,6,8,10,10,17,26,30,34,49,70,84,108,120,134,173,188,209,229,262,283,321,345,361,403,408,434,442,457,456,450,468,467,477,482,487,476,463,456,448,438,451,448,442
LY,,0,0,0,0,0,0,0,0,0,0,0,0,0,0,0,0,0,0,0,0,0,0,0,0,0,0,0,0,0,0,0,0,0,0,0,0,0,0,0,0,0,0,0,0,0,0,0,0,0,0,0,0,0,0,0,0,0,0,0,0,0,0,1,1,1,1,3,8,8,10,10,10,10,17,17,18,19,20,23,23,23,24,25,34,47,48,48,48,50,50
MA,,0,0,0,0,0,0,0,0,0,0,0,0,0,0,0,0,0,0,0,0,0,0,0,0,0,0,0,0,0,0,0,0,0,0,0,0,0,0,0,0,1,1,1,2,2,2,2,2,2,4,5,6,16,27,28,36,46,59,71,89,105,131,154,205,246,300,350,420,483,533,558,596,663,766,842,914,949,1016,1088,1127,1192,1271,1332,1421,1518,1733,1965,2037,2153,2100
MC,,0,0,0,0,0,0,0,0,0,0,0,0,0,0,0,0,0,0,0,0,0,0,0,0,0,0,0,0,0,0,0,0,0,0,0,0,0,0,1,1,1,1,1,1,1,1,1,1,1,1,2,2,2,2,7,7,7,7,11,11,23,23,23,31,33,42,42,45,48,51,54,59,62,63,69,72,73,74,76,81,82,82,80,78,74,72,71,69,67,65
MD,,0,0,0,0,0,0,0,0,0,0,0,0,0,0,0,0,0,0,0,0,0,0,0,0,0,0,0,0,0,0,0,0,0,0,0,0,0,0,0,0,0,0,0,0,0,0,1,1,3,3,3,6,12,23,23,30,29,48,64,77,90,104,118,140,165,183,211,239,269,316,378,451,526,673,770,854,927,1023,1117,1245,1343,1419,1437,1624,1700,1761,1830,1901,1941,1894
ME,,0,0,0,0,0,0,0,0,0,0,0,0,0,0,0,0,0,0,0,0,0,0,0,0,0,0,0,0,0,0,0,0,0,0,0,0,0,0,0,0,0,0,0,0,0,0,0,0,0,0,0,0,0,0,0,2,2,3,14,14,21,26,46,51,68,81,82,82,87,103,116,135,163,188,199,215,220,224,224,223,227,230,227,229,228,237,229,226,220,216
MG,,0,0,0,0,0,0,0,0,0,0,0,0,0,0,0,0,0,0,0,0,0,0,0,0,0,0,0,0,0,0,0,0,0,0,0,0,0,0,0,0,0,0,0,0,0,0,0,0,0,0,0,0,0,0,0,0,0,0,3,3,3,12,17,19,23,26,26,39,43,57,57,59,70,70,71,80,85,89,88,87,95,97,95,95,95,94,98,99,98,95
MK,,0,0,0,0,0,0,0,0,0,0,0,0,0,0,0,0,0,0,0,0,0,0,0,0,0,0,0,0,0,0,0,0,0,0,0,1,1,1,1,1,1,1,1,1,3,3,3,3,7,7,7,14,14,14,18,26,35,48,66,83,111,130,140,166,188,203,221,234,255,292,310,334,372,413,476,477,493,497,530,563,596,649,655,686,733,819,831,862,874,850
ML,,0,0,0,0,0,0,0,0,0,0,0,0,0,0,0,0,0,0,0,0,0,0,0,0,0,0,0,0,0,0,0,0,0,0,0,0,0,0,0,0,0,0,0,0,0,0,0,0,0,0,0,0,0,0,0,0,0,0,0,0,0,0,0,2,4,11,18,17,23,26,28,33,36,38,40,42,51,51,65,77,76,91,107,123,125,146,144,186,190,187
MM,,0,0,0,0,0,0,0,0,0,0,0,0,0,0,0,0,0,0,0,0,0,0,0,0,0,0,0,0,0,0,0,0,0,0,0,0,0,0,0,0,0,0,0,0,0,0,0,0,0,0,0,0,0,0,0,0,0,0,0,0,0,0,0,0,0,8,8,10,14,14,14,19,19,20,20,21,21,19,20,24,35,37,58,59,69,79,81,89,101,100
MN,,0,0,0,0,0,0,0,0,0,0,0,0,0,0,0,0,0,0,0,0,0,0,0,0,0,0,0,0,0,0,0,0,0,0,0,0,0,0,0,0,0,0,0,0,0,0,0,0,1,1,1,1,1,1,1,5,6,6,6,10,10,10,10,10,11,11,12,12,12,12,14,14,14,14,14,15,15,16,16,16,16,16,17,30,30,31,31,31,32,33
MR,,0,0,0,0,0,0,0,0,0,0,0,0,0,0,0,0,0,0,0,0,0,0,0,0,0,0,0,0,0,0,0,0,0,0,0,0,0,0,0,0,0,0,0,0,0,0,0,0,0,0,0,0,1,1,1,1,1,2,2,2,2,2,2,2,3,3,5,5,4,5,5,5,5,5,5,5,5,5,6,6,6,6,6,6,6,6,6,6,6,6
MT,,0,0,0,0,0,0,0,0,0,0,0,0,0,0,0,0,0,0,0,0,0,0,0,0,0,0,0,0,0,0,0,0,0,0,0,0,0,0,0,0,0,0,0,0,0,3,3,3,5,6,6,12,18,21,30,38,38,53,64,73,89,105,107,125,129,132,140,140,143,153,169,174,176,183,193,202,249,249,280,287,299,300,299,300,298,303,304,299,291,282
MU,,0,0,0,0,0,0,0,0,0,0,0,0,0,0,0,0,0,0,0,0,0,0,0,0,0,0,0,0,0,0,0,0,0,0,0,0,0,0,0,0,0,0,0,0,0,0,0,0,0,0,0,0,0,0,0,0,3,3,12,13,26,34,40,46,79,91,98,101,121,133,148,153,168,176,204,218,238,239,276,273,269,268,262,256,249,242,234,227,222,214
MV,,0,0,0,0,0,0,0,0,0,0,0,0,0,0,0,0,0,0,0,0,0,0,0,0,0,0,0,0,0,0,0,0,0,0,0,0,0,0,0,0,0,0,0,0,0,0,4,4,6,8,8,9,10,13,13,13,13,13,13,13,13,13,13,13,13,16,16,17,17,18,19,19,19,19,19,19,19,19,19,19,19,20,20,20,22,25,28,35,52,52
MW,,0,0,0,0,0,0,0,0,0,0,0,0,0,0,0,0,0,0,0,0,0,0,0,0,0,0,0,0,0,0,0,0,0,0,0,0,0,0,0,0,0,0,0,0,0,0,0,0,0,0,0,0,0,0,0,0,0,0,0,0,0,0,0,0,0,0,0,0,0,0,0,3,3,4,4,5,7,7,7,8,10,11,14,14,14,14,15,15,15,15
MX,,0,0,0,0,0,0,0,0,0,0,0,0,0,0,0,0,0,0,0,0,0,0,0,0,0,0,0,0,0,0,0,0,0,0,0,0,0,1,4,5,5,5,5,5,6,6,7,7,7,8,12,12,26,40,51,79,88,110,153,188,232,291,336,366,427,526,643,758,885,961,1062,1195,1289,1429,1580,1782,2006,2291,2603,2787,3089,3356,3700,3935,4156,4463,4770,5173,5568,6164
MY,,0,0,0,3,4,4,4,7,8,8,8,8,8,10,12,12,12,16,16,18,18,18,19,19,22,22,22,22,22,22,22,22,22,22,22,22,23,23,25,28,27,33,46,45,77,85,89,105,114,131,127,171,207,391,522,618,725,824,940,1077,1177,1365,1447,1590,1794,1889,2012,2115,2226,2313,2401,2548,2701,2781,2886,2941,3030,3099,3116,3137,3219,3266,3292,3346,3315,3306,3252,3180,3137,3009
MZ,,0,0,0,0,0,0,0,0,0,0,0,0,0,0,0,0,0,0,0,0,0,0,0,0,0,0,0,0,0,0,0,0,0,0,0,0,0,0,0,0,0,0,0,0,0,0,0,0,0,0,0,0,0,0,0,0,0,0,0,0,1,1,3,5,7,7,8,8,8,8,10,10,10,10,10,10,10,17,17,20,20,21,21,28,29,31,34,35,39,39
NA,,0,0,0,0,0,0,0,0,0,0,0,0,0,0,0,0,0,0,0,0,0,0,0,0,0,0,0,0,0,0,0,0,0,0,0,0,0,0,0,0,0,0,0,0,0,0,0,0,0,0,0,0,2,2,2,2,2,3,3,3,3,4,7,7,8,8,8,11,11,11,14,14,14,14,16,16,16,16,16,16,16,16,16,16,16,16,16,16,16,16
NE,,0,0,0,0,0,0,0,0,0,0,0,0,0,0,0,0,0,0,0,0,0,0,0,0,0,0,0,0,0,0,0,0,0,0,0,0,0,0,0,0,0,0,0,0,0,0,0,0,0,0,0,0,0,0,0,0,0,0,1,1,2,3,3,6,9,9,9,17,24,23,67,90,111,130,166,233,254,315,379,403,451,482,475,507,513,504,533,533,529,516
NG,,0,0,0,0,0,0,0,0,0,0,0,0,0,0,0,0,0,0,0,0,0,0,0,0,0,0,0,0,0,0,0,0,0,0,0,0,0,1,1,1,1,1,1,1,1,1,1,2,2,2,2,2,2,2,2,3,8,8,12,22,30,39,43,50,64,68,86,107,125,128,165,173,195,196,210,213,224,242,248,260,264,263,276,298,323,349,387,424,497,486
NI,,0,0,0,0,0,0,0,0,0,0,0,0,0,0,0,0,0,0,0,0,0,0,0,0,0,0,0,0,0,0,0,0,0,0,0,0,0,0,0,0,0,0,0,0,0,0,0,0,0,0,0,0,0,0,0,0,0,1,1,2,2,2,2,2,2,1,3,3,3,4,4,4,4,4,5,5,5,5,6,6,7,8,8,8,8,8,8,7,8,8
NL,,0,0,0,0,0,0,0,0,0,0,0,0,0,0,0,0,0,0,0,0,0,0,0,0,0,0,0,0,0,0,0,0,0,0,0,0,1,1,6,9,16,21,33,75,117,173,243,293,345,455,443,724,859,1006,1255,1498,1794,2144,2601,3153,3619,4057,4721,5397,6229,7166,8093,8910,9527,10004,10674,11354,11971,12426,13224,13737,13914,14341,14982,15748,16448,17014,17348,17521,17464,17714,18148,18464,18741,18012
NL,Aruba,0,0,0,0,0,0,0,0,0,0,0,0,0,0,0,0,0,0,0,0,0,0,0,0,0,0,0,0,0,0,0,0,0,0,0,0,0,0,0,0,0,0,0,0,0,0,0,0,0,0,0,2,2,2,2,3,4,4,5,5,9,9,12,17,28,33,46,50,50,55,55,60,62,63,62,68,70,72,76,79,84,83,81,79,77,76,75,73,72,70
NL,"Bonaire, Sint Eustatius and Saba",0,0,0,0,0,0,0,0,0,0,0,0,0,0,0,0,0,0,0,0,0,0,0,0,0,0,0,0,0,0,0,0,0,0,0,0,0,0,0,0,0,0,0,0,0,0,0,0,0,0,0,0,0,0,0,0,0,0,0,0,0,0,0,0,0,0,0,0,0,0,0,2,2,2,2,2,2,2,2,2,2,3,3,3,3,3,3,3,5,5
NL,Curacao,0,0,0,0,0,0,0,0,0,0,0,0,0,0,0,0,0,0,0,0,0,0,0,0,0,0,0,0,0,0,0,0,0,0,0,0,0,0,0,0,0,0,0,0,0,0,0,0,0,0,0,0,1,1,1,3,3,2,2,2,2,3,5,5,5,7,7,7,10,10,10,10,10,10,10,12,12,13,13,13,13,13,13,13,13,13,13,13,13,13
NL,Sint Maarten,0,0,0,0,0,0,0,0,0,0,0,0,0,0,0,0,0,0,0,0,0,0,0,0,0,0,0,0,0,0,0,0,0,0,0,0,0,0,0,0,0,0,0,0,0,0,0,0,0,0,0,0,0,0,0,0,0,0,1,1,1,2,2,3,3,3,3,6,6,6,15,17,21,19,21,31,34,34,37,42,41,41,41,43,43,46,45,51,52,51
NO,,0,0,0,0,0,0,0,0,0,0,0,0,0,0,0,0,0,0,0,0,0,0,0,0,0,0,0,0,0,0,0,0,0,0,0,1,1,6,15,18,23,29,51,80,98,134,159,183,372,563,658,941,1020,1137,1232,1343,1405,1575,1714,1885,2115,2307,2501,2669,2898,3218,3407,3601,3676,3779,3904,4084,4193,4259,4269,4318,4396,4248,4224,4175,4112,4063,3975,3826,3765,3750,3611,3535,3403,3255
NP,,0,0,0,1,1,1,1,1,1,1,1,1,1,1,1,1,1,1,1,1,1,1,1,1,1,1,1,1,1,1,1,1,1,1,1,1,1,1,1,1,1,1,1,1,1,1,1,1,1,1,1,1,1,1,1,1,1,1,1,1,1,2,2,3,3,4,5,5,5,5,5,6,6,9,9,9,9,9,9,9,9,12,14,16,16,16,30,31,31,31
NZ,,0,0,0,0,0,0,0,0,0,0,0,0,0,0,0,0,0,0,0,0,0,0,0,0,0,0,0,0,0,0,0,0,0,0,0,0,0,1,1,1,1,1,3,3,4,5,5,5,5,5,5,5,6,8,8,12,20,27,37,49,97,95,146,193,268,349,427,483,552,603,655,734,794,864,939,990,1027,1058,1066,1087,1090,1082,1072,1055,1044,1026,998,975,946,917
OM,,0,0,0,0,0,0,0,0,0,0,0,0,0,0,0,0,0,0,0,0,0,0,0,0,0,0,0,0,0,0,0,0,0,2,2,4,4,4,6,6,6,12,15,16,16,16,16,16,18,18,18,19,19,22,22,24,39,48,48,51,53,63,80,94,103,123,142,155,165,174,189,206,223,242,258,285,319,360,389,407,459,500,616,689,772,866,898,991,1057,1180
PA,,0,0,0,0,0,0,0,0,0,0,0,0,0,0,0,0,0,0,0,0,0,0,0,0,0,0,0,0,0,0,0,0,0,0,0,0,0,0,0,0,0,0,0,0,0,0,0,0,1,7,10,26,35,41,52,65,80,101,126,186,293,317,312,402,509,615,712,812,879,1049,1031,1145,1275,1443,1537,1684,1760,1866,2099,2274,2438,2638,2737,2738,2771,2867,3049,3154,3127,3225
PE,,0,0,0,0,0,0,0,0,0,0,0,0,0,0,0,0,0,0,0,0,0,0,0,0,0,0,0,0,0,0,0,0,0,0,0,0,0,0,0,0,0,0,0,0,1,1,6,7,11,11,15,28,37,41,83,112,138,224,218,296,336,362,374,428,518,559,576,739,812,899,1123,1167,1307,1406,1885,2104,2423,3729,4550,5074,5916,6466,8586,8955,9951,10779,11566,12246,13180,12939
PG,,0,0,0,0,0,0,0,0,0,0,0,0,0,0,0,0,0,0,0,0,0,0,0,0,0,0,0,0,0,0,0,0,0,0,0,0,0,0,0,0,0,0,0,0,0,0,0,0,0,0,0,0,0,0,0,0,0,0,1,1,1,1,1,1,1,1,1,1,1,1,1,1,1,1,1,2,2,2,2,2,2,2,2,2,2,7,7,7,7,7
PH,,0,0,0,0,0,0,0,0,1,1,1,1,1,1,1,1,2,2,2,2,2,2,2,2,2,2,2,2,2,2,2,2,2,2,2,2,2,2,2,2,2,2,2,2,4,5,9,19,32,48,49,57,100,124,123,165,170,183,190,260,320,386,464,534,585,657,898,1218,1316,1818,2007,2284,2602,2628,2725,3076,3108,3146,3262,3287,3412,3493,3664,3833,3940,4019,4090,4161,4187,4047
PK,,0,0,0,0,0,0,0,0,0,0,0,0,0,0,0,0,0,0,0,0,0,0,0,0,0,0,0,0,0,0,0,0,0,0,0,2,2,2,4,4,4,5,5,5,6,6,6,6,15,17,17,24,25,45,125,221,280,428,468,689,724,811,894,969,1089,1240,1339,1414,1498,1682,1825,2080,2294,2375,2653,3195,3393,3544,3687,3806,4009,4123,4280,4504,4913,5302,5264,5724,6256,6158
PL,,0,0,0,0,0,0,0,0,0,0,0,0,0,0,0,0,0,0,0,0,0,0,0,0,0,0,0,0,0,0,0,0,0,0,0,0,0,0,0,0,0,0,1,1,5,5,11,16,21,29,45,62,94,108,162,218,226,324,387,490,576,679,816,946,1096,1243,1466,1658,1811,2029,2222,2555,2927,3106,3503,3731,4067,4309,4571,4843,5107,5283,5402,5515,5726,5878,6156,6330,6678,6486
PS,,0,0,0,0,0,0,0,0,0,0,0,0,0,0,0,0,0,0,0,0,0,0,0,0,0,0,0,0,0,0,0,0,0,0,0,0,0,0,0,0,0,0,0,4,7,16,16,19,26,30,30,31,35,38,38,39,41,44,47,47,50,56,55,54,77,83,89,98,103,104,117,142,172,192,209,223,226,224,220,218,214,231,243,237,297,290,311,319,329,323
PT,,0,0,0,0,0,0,0,0,0,0,0,0,0,0,0,0,0,0,0,0,0,0,0,0,0,0,0,0,0,0,0,0,0,0,0,0,0,0,0,0,2,2,5,8,13,19,28,27,36,51,48,97,148,217,294,399,385,705,918,1150,1441,1861,2116,2696,3178,3828,4639,5335,5672,6587,7255,7889,8562,9022,9572,9815,10281,10713,11247,12464,12650,12898,12879,13002,13233,13552,13285,13479,13516,13042
PY,,0,0,0,0,0,0,0,0,0,0,0,0,0,0,0,0,0,0,0,0,0,0,0,0,0,0,0,0,0,0,0,0,0,0,0,0,0,0,0,0,0,0,0,0,0,0,1,1,1,5,5,6,6,6,8,9,11,11,13,17,21,21,25,34,38,49,53,56,61,61,64,71,85,88,95,101,101,103,106,108,110,109,119,127,125,135,157,156,156,154
QA,,0,0,0,0,0,0,0,0,0,0,0,0,0,0,0,0,0,0,0,0,0,0,0,0,0,0,0,0,0,0,0,0,0,0,0,0,0,0,1,3,3,7,8,8,8,8,14,16,21,258,256,312,326,387,421,417,425,427,430,434,439,437,452,451,450,449,461,488,529,596,629,719,820,1043,1292,1489,1678,1795,1922,2016,2186,2387,2586,2726,2947,3273,3762,4030,4388,4301
RO,,0,0,0,0,0,0,0,0,0,0,0,0,0,0,0,0,0,0,0,0,0,0,0,0,0,0,0,0,0,0,0,0,0,0,0,1,1,3,3,3,3,3,4,6,9,9,15,15,25,44,47,86,118,124,148,171,243,255,280,332,386,515,717,809,910,1151,1278,1610,1853,1939,2107,2320,2700,3065,3253,3356,3623,3865,4192,4341,4740,4914,5112,5209,5387,5711,5896,6072,6196,6014
RS,,0,0,0,0,0,0,0,0,0,0,0,0,0,0,0,0,0,0,0,0,0,0,0,0,0,0,0,0,0,0,0,0,0,0,0,0,0,0,0,0,0,0,0,0,1,1,1,1,5,12,19,35,46,47,53,62,79,97,126,159,206,228,277,351,347,412,596,664,692,792,923,1011,1286,1404,1652,1905,2113,2288,2443,2626,2843,3026,3378,3707,4031,4386,4658,4855,5067,4953
RU,,0,0,0,0,0,0,0,0,0,2,2,2,2,2,2,2,2,2,2,2,2,2,2,2,2,2,2,2,2,2,2,2,2,2,2,2,2,2,2,2,3,3,3,4,13,13,17,17,20,20,27,43,56,58,83,104,134,181,230,276,329,390,435,581,745,919,1121,1356,1620,2069,2450,3154,3679,4168,4727,5567,6581,7603,8880,10455,11891,13806,16067,18505,21514,24536,28130,32395,37878,37299
RW,,0,0,0,0,0,0,0,0,0,0,0,0,0,0,0,0,0,0,0,0,0,0,0,0,0,0,0,0,0,0,0,0,0,0,0,0,0,0,0,0,0,0,0,0,0,0,0,0,0,0,0,0,1,1,5,7,8,8,17,17,19,36,40,41,50,54,60,70,70,74,80,81,85,97,98,98,96,99,97,103,103,107,106,110,109,108,110,108,108,105
SA,,0,0,0,0,0,0,0,0,0,0,0,0,0,0,0,0,0,0,0,0,0,0,0,0,0,0,0,0,0,0,0,0,0,0,0,0,0,0,0,0,1,1,1,5,5,5,11,15,20,20,43,83,99,97,110,160,157,256,321,363,475,518,712,833,931,1008,1089,1162,1294,1377,1500,1628,1742,1838,2012,2162,2295,2373,2661,2952,3252,3591,3967,4296,4678,5079,5715,6712,7656,7508
SC,,0,0,0,0,0,0,0,0,0,0,0,0,0,0,0,0,0,0,0,0,0,0,0,0,0,0,0,0,0,0,0,0,0,0,0,0,0,0,0,0,0,0,0,0,0,0,0,0,0,0,0,0,2,2,3,4,4,6,7,7,7,7,7,7,7,7,8,8,8,10,10,10,10,10,10,11,11,11,11,11,11,11,11,11,11,11,11,11,11,11
SD,,0,0,0,0,0,0,0,0,0,0,0,0,0,0,0,0,0,0,0,0,0,0,0,0,0,0,0,0,0,0,0,0,0,0,0,0,0,0,0,0,0,0,0,0,0,0,0,0,0,0,0,0,0,0,0,0,1,1,1,1,1,1,2,2,2,2,4,5,4,5,5,6,8,8,10,10,12,12,13,15,17,17,25,27,27,27,27,56,56,80
SE,,0,0,0,0,0,0,0,0,0,1,1,1,1,1,1,1,1,1,1,1,1,1,1,1,1,1,1,1,1,1,1,1,1,1,1,2,7,7,12,13,13,18,31,88,93,150,188,229,331,469,560,766,901,949,1013,1082,1149,1286,1456,1547,1685,1757,1945,2114,2362,2507,2823,3003,3220,3511,3874,4328,4735,4917,5152,5318,5547,6023,6474,6765,7027,7148,7382,7542,7619,7855,8205,8429,8681,8388
SG,,0,1,3,3,4,5,7,7,10,13,16,18,18,24,28,28,30,33,40,45,47,50,58,66,70,72,73,76,78,77,77,76,79,77,77,77,75,73,80,82,82,82,80,84,94,99,108,105,112,127,124,143,151,161,174,193,235,262,296,335,351,398,439,503,545,583,641,669,690,721,778,807,850,901,995,1033,1108,1216,1466,1622,1767,1951,2283,2558,2941,3600,4146,5006,5513,6842
SI,,0,0,0,0,0,0,0,0,0,0,0,0,0,0,0,0,0,0,0,0,0,0,0,0,0,0,0,0,0,0,0,0,0,0,0,0,0,0,0,0,0,0,0,2,7,7,16,16,31,56,87,138,176,212,244,263,260,267,318,355,379,400,430,469,493,550,591,623,636,664,687,724,740,762,756,757,766,770,775,783,779,765,742,720,713,703,703,681,659,628
SK,,0,0,0,0,0,0,0,0,0,0,0,0,0,0,0,0,0,0,0,0,0,0,0,0,0,0,0,0,0,0,0,0,0,0,0,0,0,0,0,0,0,0,0,0,1,1,3,3,7,10,16,32,44,54,63,71,102,119,132,172,178,177,193,202,209,248,267,284,301,322,351,370,386,398,403,441,477,566,572,572,571,570,581,630,636,729,780,797,847,825
SL,,0,0,0,0,0,0,0,0,0,0,0,0,0,0,0,0,0,0,0,0,0,0,0,0,0,0,0,0,0,0,0,0,0,0,0,0,0,0,0,0,0,0,0,0,0,0,0,0,0,0,0,0,0,0,0,0,0,0,0,0,0,0,0,0,0,0,0,0,0,1,2,2,2,4,6,6,6,7,7,8,8,10,10,11,13,15,26,30,35,35
SM,,0,0,0,0,0,0,0,0,0,0,0,0,0,0,0,0,0,0,0,0,0,0,0,0,0,0,0,0,0,0,0,0,0,0,0,0,1,1,1,1,8,9,15,20,20,22,35,35,49,60,66,74,73,93,98,97,102,100,120,112,141,150,146,164,161,172,168,164,162,162,157,157,151,157,158,152,156,149,196,200,204,197,189,195,188,232,232,244,242,234
SN,,0,0,0,0,0,0,0,0,0,0,0,0,0,0,0,0,0,0,0,0,0,0,0,0,0,0,0,0,0,0,0,0,0,0,0,0,0,0,0,0,1,2,4,4,4,4,4,4,4,4,4,10,10,24,24,26,31,31,38,47,67,78,84,96,101,114,124,134,152,163,175,177,186,194,193,193,200,202,203,213,220,216,221,223,231,245,245,245,254,245
SO,,0,0,0,0,0,0,0,0,0,0,0,0,0,0,0,0,0,0,0,0,0,0,0,0,0,0,0,0,0,0,0,0,0,0,0,0,0,0,0,0,0,0,0,0,0,0,0,0,0,0,0,0,0,0,1,1,1,1,1,1,1,1,1,1,2,3,3,3,3,5,5,5,7,7,7,7,8,11,11,20,20,24,58,58,75,74,108,125,153,152
SR,,0,0,0,0,0,0,0,0,0,0,0,0,0,0,0,0,0,0,0,0,0,0,0,0,0,0,0,0,0,0,0,0,0,0,0,0,0,0,0,0,0,0,0,0,0,0,0,0,0,0,0,0,1,1,1,1,1,1,4,4,5,5,7,8,8,8,8,8,8,9,10,10,9,9,9,9,9,9,9,9,9,9,9,9,9,9,9,9,9,9
SS,,0,0,0,0,0,0,0,0,0,0,0,0,0,0,0,0,0,0,0,0,0,0,0,0,0,0,0,0,0,0,0,0,0,0,0,0,0,0,0,0,0,0,0,0,0,0,0,0,0,0,0,0,0,0,0,0,0,0,0,0,0,0,0,0,0,0,0,0,0,0,0,0,0,0,1,1,2,2,3,4,4,4,4,4,4,4,4,4,4,4
ST,,0,0,0,0,0,0,0,0,0,0,0,0,0,0,0,0,0,0,0,0,0,0,0,0,0,0,0,0,0,0,0,0,0,0,0,0,0,0,0,0,0,0,0,0,0,0,0,0,0,0,0,0,0,0,0,0,0,0,0,0,0,0,0,0,0,0,0,0,0,0,0,0,0,0,0,4,4,4,4,4,4,4,4,4,4,4,4,4,4,4
SV,,0,0,0,0,0,0,0,0,0,0,0,0,0,0,0,0,0,0,0,0,0,0,0,0,0,0,0,0,0,0,0,0,0,0,0,0,0,0,0,0,0,0,0,0,0,0,0,0,0,0,0,0,0,0,0,0,0,1,1,3,3,3,5,9,13,13,19,24,30,31,31,39,44,53,59,64,72,85,93,106,106,111,121,131,139,142,151,161,169,183
SY,,0,0,0,0,0,0,0,0,0,0,0,0,0,0,0,0,0,0,0,0,0,0,0,0,0,0,0,0,0,0,0,0,0,0,0,0,0,0,0,0,0,0,0,0,0,0,0,0,0,0,0,0,0,0,0,0,0,0,0,0,1,1,1,5,5,5,5,8,8,8,8,14,14,14,17,17,17,17,17,17,23,23,23,27,31,31,36,36,36,36
SZ,,0,0,0,0,0,0,0,0,0,0,0,0,0,0,0,0,0,0,0,0,0,0,0,0,0,0,0,0,0,0,0,0,0,0,0,0,0,0,0,0,0,0,0,0,0,0,0,0,0,0,0,0,1,1,1,1,1,1,1,1,4,4,4,4,6,9,9,9,9,9,9,9,9,9,9,10,10,12,12,12,12,14,15,15,15,15,15,21,21,21
TD,,0,0,0,0,0,0,0,0,0,0,0,0,0,0,0,0,0,0,0,0,0,0,0,0,0,0,0,0,0,0,0,0,0,0,0,0,0,0,0,0,0,0,0,0,0,0,0,0,0,0,0,0,0,0,0,0,0,1,1,1,1,1,3,3,3,3,3,3,5,7,7,8,8,9,9,9,10,10,11,11,11,18,23,23,23,27,27,33,33,33
TG,,0,0,0,0,0,0,0,0,0,0,0,0,0,0,0,0,0,0,0,0,0,0,0,0,0,0,0,0,0,0,0,0,0,0,0,0,0,0,0,0,0,0,0,0,1,1,1,1,1,1,1,1,1,1,1,1,1,1,9,16,16,18,20,23,23,24,24,24,29,33,34,37,37,38,41,55,61,65,67,69,68,67,67,66,69,66,67,67,65,63
TH,,2,3,5,7,8,8,14,14,14,19,19,19,19,25,25,25,25,32,32,32,33,33,33,33,33,34,35,35,35,35,35,34,33,32,33,35,34,34,34,32,32,31,30,33,33,34,33,32,34,39,49,52,57,87,117,144,175,231,276,359,540,654,748,844,943,1019,1111,1235,1349,1453,1546,1619,1688,1743,1806,1815,1809,1871,1874,1871,1859,1831,1797,1767,1730,1689,1647,1609,1569,1523
TL,,0,0,0,0,0,0,0,0,0,0,0,0,0,0,0,0,0,0,0,0,0,0,0,0,0,0,0,0,0,0,0,0,0,0,0,0,0,0,0,0,0,0,0,0,0,0,0,0,0,0,0,0,0,0,0,0,0,0,0,0,1,1,1,1,1,1,1,1,1,1,1,1,1,1,1,1,1,1,1,2,2,2,4,6,8,18,18,18,19,19
TN,,0,0,0,0,0,0,0,0,0,0,0,0,0,0,0,0,0,0,0,0,0,0,0,0,0,0,0,0,0,0,0,0,0,0,0,0,0,0,0,0,0,0,1,1,1,1,2,2,5,7,7,16,18,18,20,24,29,38,52,57,69,82,105,161,182,209,255,286,282,357,379,403,432,483,492,505,521,514,516,531,528,532,532,537,552,574,597,577,571,550
TR,,0,0,0,0,0,0,0,0,0,0,0,0,0,0,0,0,0,0,0,0,0,0,0,0,0,0,0,0,0,0,0,0,0,0,0,0,0,0,0,0,0,0,0,0,0,0,0,0,-1,-2,-4,-3,-8,-13,-10,7,44,118,261,539,1049,1292,1575,2056,3158,5116,6692,8350,9765,12237,14105,16229,18654,21255,23932,26567,29887,33357,36688,40634,44895,48722,51763,54672,57696,61131,64015,66232,68534,66883
TT,,0,0,0,0,0,0,0,0,0,0,0,0,0,0,0,0,0,0,0,0,0,0,0,0,0,0,0,0,0,0,0,0,0,0,0,0,0,0,0,0,0,0,0,0,0,0,0,0,0,0,0,0,2,2,4,5,7,9,9,49,50,51,57,59,64,64,71,74,77,81,81,84,86,90,88,86,86,84,84,82,83,82,79,76,74,71,68,65,62,59
TW,,1,1,3,3,4,5,8,8,9,10,10,10,10,11,11,16,16,17,18,18,18,18,18,18,18,19,21,21,22,23,25,25,27,29,30,31,31,33,38,39,40,41,41,43,44,44,44,43,44,44,44,44,46,51,58,67,89,96,121,137,151,175,193,211,225,237,250,261,262,274,276,281,284,285,287,290,286,281,274,267,261,255,251,242,235,225,215,208,220,210
TZ,,0,0,0,0,0,0,0,0,0,0,0,0,0,0,0,0,0,0,0,0,0,0,0,0,0,0,0,0,0,0,0,0,0,0,0,0,0,0,0,0,0,0,0,0,0,0,0,0,0,0,0,0,0,0,1,1,3,6,6,6,12,12,12,12,13,13,14,14,19,18,19,19,19,19,21,23,23,24,24,29,29,28,44,47,80,85,136,135,155,153
UA,,0,0,0,0,0,0,0,0,0,0,0,0,0,0,0,0,0,0,0,0,0,0,0,0,0,0,0,0,0,0,0,0,0,0,0,0,0,0,0,0,0,1,1,1,1,1,1,1,1,1,1,2,2,2,6,12,12,13,24,41,66,64,86,129,177,287,324,436,499,583,719,808,964,1095,1154,1142,1253,1424,1611,1874,2138,2350,2616,2827,3149,3473,3894,4252,4503,4663
UG,,0,0,0,0,0,0,0,0,0,0,0,0,0,0,0,0,0,0,0,0,0,0,0,0,0,0,0,0,0,0,0,0,0,0,0,0,0,0,0,0,0,0,0,0,0,0,0,0,0,0,0,0,0,0,0,0,0,0,0,1,1,9,9,14,14,23,30,33,33,44,44,45,48,48,52,52,52,53,52,51,50,50,49,49,48,47,47,45,44,43
US,US-AK,1,1,2,2,5,5,5,5,5,7,8,8,11,11,11,11,11,11,11,11,12,12,13,13,13,13,13,13,13,13,15,15,15,50,49,54,54,54,58,61,75,87,105,160,186,301,383,408,728,978,1274,1680,2091,2693,3604,5124,6174,11688,16725,22452,29375,39035,47869,58600,75127,91098,108741,125750,143861,166665,187960,213742,240511,268068,290149,313080,335794,358675,383101,406638,425694,443345,456630,470047,484074,497735,512174,528141,537603,522062
UY,,0,0,0,0,0,0,0,0,0,0,0,0,0,0,0,0,0,0,0,0,0,0,0,0,0,0,0,0,0,0,0,0,0,0,0,0,0,0,0,0,0,0,0,0,0,0,0,0,0,0,0,0,4,4,8,29,50,79,93,108,155,158,156,181,207,225,258,284,286,310,304,309,322,345,338,335,344,335,357,364,374,349,336,327,324,320,307,300,295,293
UZ,,0,0,0,0,0,0,0,0,0,0,0,0,0,0,0,0,0,0,0,0,0,0,0,0,0,0,0,0,0,0,0,0,0,0,0,0,0,0,0,0,0,0,0,0,0,0,0,0,0,0,0,0,0,1,6,10,15,23,33,43,43,46,50,59,73,84,98,136,139,160,166,187,205,239,310,419,475,491,519,551,682,767,886,1037,1157,1185,1220,1282,1333,1307
VA,,0,0,0,0,0,0,0,0,0,0,0,0,0,0,0,0,0,0,0,0,0,0,0,0,0,0,0,0,0,0,0,0,0,0,0,0,0,0,0,0,0,0,0,0,1,1,1,1,1,1,1,1,1,1,1,1,1,1,1,1,1,1,4,4,4,4,6,6,6,6,6,7,7,7,7,7,7,8,8,8,8,8,8,8,8,8,8,8,8,8
VC,,0,0,0,0,0,0,0,0,0,0,0,0,0,0,0,0,0,0,0,0,0,0,0,0,0,0,0,0,0,0,0,0,0,0,0,0,0,0,0,0,0,0,0,0,0,0,0,0,0,0,0,0,1,1,1,1,1,1,1,1,1,1,1,1,1,1,1,1,1,1,1,2,3,7,7,7,8,8,12,12,12,12,12,12,12,12,12,12,12,12
VE,,0,0,0,0,0,0,0,0,0,0,0,0,0,0,0,0,0,0,0,0,0,0,0,0,0,0,0,0,0,0,0,0,0,0,0,0,0,0,0,0,0,0,0,0,0,0,0,0,0,0,0,0,2,10,17,33,36,42,42,70,70,77,83,89,104,102,112,111,124,122,128,127,130,129,130,133,130,126,126,122,122,124,128,123,126,128,123,141,165,160
VN,,0,2,2,2,2,2,2,2,2,2,6,6,8,8,8,10,10,13,13,14,15,15,16,16,16,16,16,16,16,16,16,16,16,16,16,16,16,16,16,16,16,16,16,16,16,18,30,30,31,38,39,47,53,56,61,66,74,83,88,90,108,117,127,132,142,150,159,171,183,189,192,204,204,203,200,200,199,196,195,192,187,185,182,177,172,167,161,155,149,143
XK,,0,0,0,0,0,0,0,0,0,0,0,0,0,0,0,0,0,0,0,0,0,0,0,0,0,0,0,0,0,0,0,0,0,0,0,0,0,0,0,0,0,0,0,0,0,0,0,0,0,0,0,0,0,0,0,0,0,0,0,0,0,0,0,0,70,85,90,93,92,109,121,120,120,127,135,133,152,162,159,219,248,243,238,335,329,381,404,426,418,409
XXX,,0,0,0,0,0,0,0,0,0,0,0,0,0,0,0,0,61,60,62,132,131,169,167,207,271,337,432,515,588,592,585,577,624,614,603,604,591,575,560,544,527,510,491,471,451,430,409,388,367,345,324,303,282,262,243,224,212,195,179,163,149,136,122,111,101,92,86,79,73,67,66,62,58,55,52,50,48,46,45,44,43,42,41,40,40,40,39,39,39,39
YE,,0,0,0,0,0,0,0,0,0,0,0,0,0,0,0,0,0,0,0,0,0,0,0,0,0,0,0,0,0,0,0,0,0,0,0,0,0,0,0,0,0,0,0,0,0,0,0,0,0,0,0,0,0,0,0,0,0,0,0,0,0,0,0,0,0,0,0,0,0,0,0,0,0,0,0,0,0,0,0,1,1,1,1,1,1,1,1,1,1,1
ZA,,0,0,0,0,0,0,0,0,0,0,0,0,0,0,0,0,0,0,0,0,0,0,0,0,0,0,0,0,0,0,0,0,0,0,0,0,0,0,0,0,0,0,0,1,1,1,3,3,7,13,17,23,36,48,58,56,108,139,188,222,251,373,518,665,874,1105,1110,1188,1217,1224,1231,1290,1304,1356,1394,1391,1417,1469,1517,1536,1513,1608,1652,1740,1766,1791,1905,2090,2146,2078
ZM,,0,0,0,0,0,0,0,0,0,0,0,0,0,0,0,0,0,0,0,0,0,0,0,0,0,0,0,0,0,0,0,0,0,0,0,0,0,0,0,0,0,0,0,0,0,0,0,0,0,0,0,0,0,0,0,0,2,2,2,2,3,3,3,12,16,22,28,29,35,35,36,38,38,38,38,38,38,38,38,38,37,39,40,39,41,40,43,47,49,48
ZW,,0,0,0,0,0,0,0,0,0,0,0,0,0,0,0,0,0,0,0,0,0,0,0,0,0,0,0,0,0,0,0,0,0,0,0,0,0,0,0,0,0,0,0,0,0,0,0,0,0,0,0,0,0,0,0,0,0,0,1,3,3,2,2,2,2,4,6,6,6,7,7,8,8,8,8,9,9,8,8,10,11,11,14,14,20,20,21,22,22,22
